station,valid,tmpf,dwpf,relh,skyc1,state
TRK,2018-01-01T00:45:00Z,44.6,24.8,45.44,OVC,California
TRK,2018-01-01T01:15:00Z,42.8,24.8,48.67,OVC,California
TRK,2018-01-01T01:35:00Z,39.2,26.6,60.29,OVC,California
TRK,2018-01-01T01:55:00Z,41,26.6,56.22,OVC,California
TRK,2018-01-01T02:15:00Z,37.4,24.8,60.04,OVC,California
TRK,2018-01-01T02:35:00Z,37.4,26.6,64.7,OVC,California
TRK,2018-01-01T02:55:00Z,37.4,26.6,64.7,BKN,California
TRK,2018-01-01T03:15:00Z,35.6,26.6,69.46,SCT,California
TRK,2018-01-01T03:35:00Z,35.6,26.6,69.46,OVC,California
TRK,2018-01-01T03:55:00Z,37.4,24.8,60.04,OVC,California
TRK,2018-01-01T04:15:00Z,33.8,26.6,74.63,OVC,California
TRK,2018-01-01T04:35:00Z,35.6,24.8,64.46,SCT,California
TRK,2018-01-01T04:55:00Z,33.8,26.6,74.63,SCT,California
TRK,2018-01-01T05:15:00Z,35.6,24.8,64.46,OVC,California
TRK,2018-01-01T05:35:00Z,35.6,24.8,64.46,BKN,California
TRK,2018-01-01T05:55:00Z,33.8,26.6,74.63,SCT,California
TRK,2018-01-01T06:15:00Z,32,26.6,80.22,SCT,California
TRK,2018-01-01T06:35:00Z,32,24.8,74.44,CLR,California
TRK,2018-01-01T06:55:00Z,32,24.8,74.44,SCT,California
TRK,2018-01-01T07:15:00Z,32,24.8,74.44,BKN,California
TRK,2018-01-01T07:35:00Z,32,24.8,74.44,OVC,California
TRK,2018-01-01T07:55:00Z,32,24.8,74.44,OVC,California
TRK,2018-01-01T08:15:00Z,32,26.6,80.22,SCT,California
TRK,2018-01-01T08:35:00Z,30.2,26.6,86.28,SCT,California
TRK,2018-01-01T08:55:00Z,30.2,24.8,80.07,CLR,California
TRK,2018-01-01T09:15:00Z,30.2,24.8,80.07,CLR,California
TRK,2018-01-01T09:35:00Z,30.2,23,74.26,CLR,California
TRK,2018-01-01T09:55:00Z,28.4,23,79.92,CLR,California
TRK,2018-01-01T10:15:00Z,30.2,23,74.26,CLR,California
TRK,2018-01-01T10:35:00Z,28.4,23,79.92,SCT,California
TRK,2018-01-01T10:55:00Z,30.2,23,74.26,OVC,California
TRK,2018-01-01T11:15:00Z,30.2,24.8,80.07,OVC,California
TRK,2018-01-01T11:35:00Z,30.2,24.8,80.07,BKN,California
TRK,2018-01-01T11:55:00Z,30.2,26.6,86.28,SCT,California
TRK,2018-01-01T12:15:00Z,28.4,24.8,86.18,BKN,California
TRK,2018-01-01T12:35:00Z,30.2,24.8,80.07,BKN,California
TRK,2018-01-01T12:55:00Z,28.4,24.8,86.18,SCT,California
TRK,2018-01-01T13:15:00Z,28.4,24.8,86.18,SCT,California
TRK,2018-01-01T13:35:00Z,30.2,23,74.26,SCT,California
TRK,2018-01-01T14:45:00Z,26.6,23,86.07,SCT,California
TRK,2018-01-01T16:50:00Z,30.2,24.8,80.07,SCT,California
TRK,2018-01-01T17:45:00Z,35.6,24.8,64.46,OVC,California
TRK,2018-01-01T18:55:00Z,42.8,24.8,48.67,OVC,California
TRK,2018-01-01T19:55:00Z,50,21.2,31.87,SCT,California
TRK,2018-01-01T20:45:00Z,51.8,23,32.17,FEW,California
TRK,2018-01-01T21:45:00Z,55.4,24.8,30.4,FEW,California
TRK,2018-01-01T22:45:00Z,57.2,24.8,28.48,CLR,California
TRK,2018-01-01T23:45:00Z,55.4,26.6,32.76,CLR,California
TRK,2018-01-02T01:15:00Z,35.6,28.4,74.8,CLR,California
TRK,2018-01-02T01:35:00Z,33.8,28.4,80.36,CLR,California
TRK,2018-01-02T01:55:00Z,35.6,30.2,80.51,CLR,California
TRK,2018-01-02T02:15:00Z,32,28.4,86.39,CLR,California
TRK,2018-01-02T02:35:00Z,32,28.4,86.39,CLR,California
TRK,2018-01-02T02:55:00Z,32,28.4,86.39,CLR,California
TRK,2018-01-02T03:10:00Z,32,28.4,86.39,CLR,California
TRK,2018-01-02T03:35:00Z,32,28.4,86.39,CLR,California
TRK,2018-01-02T03:55:00Z,32,26.6,80.22,CLR,California
TRK,2018-01-02T04:15:00Z,30.2,26.6,86.28,CLR,California
TRK,2018-01-02T04:35:00Z,32,26.6,80.22,CLR,California
TRK,2018-01-02T04:55:00Z,30.2,24.8,80.07,CLR,California
TRK,2018-01-02T05:15:00Z,30.2,26.6,86.28,CLR,California
TRK,2018-01-02T05:35:00Z,30.2,26.6,86.28,CLR,California
TRK,2018-01-02T05:55:00Z,28.4,24.8,86.18,CLR,California
TRK,2018-01-02T06:15:00Z,28.4,24.8,86.18,CLR,California
TRK,2018-01-02T06:35:00Z,28.4,24.8,86.18,CLR,California
TRK,2018-01-02T06:55:00Z,28.4,24.8,86.18,CLR,California
TRK,2018-01-02T07:15:00Z,26.6,24.8,92.8,CLR,California
TRK,2018-01-02T07:35:00Z,28.4,26.6,92.86,CLR,California
TRK,2018-01-02T07:55:00Z,26.6,24.8,92.8,CLR,California
TRK,2018-01-02T08:15:00Z,26.6,23,86.07,CLR,California
TRK,2018-01-02T08:35:00Z,26.6,23,86.07,CLR,California
TRK,2018-01-02T08:55:00Z,26.6,23,86.07,CLR,California
TRK,2018-01-02T09:15:00Z,26.6,24.8,92.8,CLR,California
TRK,2018-01-02T09:35:00Z,23,23,100,CLR,California
TRK,2018-01-02T09:55:00Z,24.8,23,92.74,CLR,California
TRK,2018-01-02T10:15:00Z,26.6,24.8,92.8,CLR,California
TRK,2018-01-02T10:35:00Z,24.8,23,92.74,CLR,California
TRK,2018-01-02T10:55:00Z,24.8,23,92.74,CLR,California
TRK,2018-01-02T11:15:00Z,23,23,100,CLR,California
TRK,2018-01-02T11:35:00Z,23,23,100,CLR,California
TRK,2018-01-02T11:55:00Z,23,23,100,CLR,California
TRK,2018-01-02T12:15:00Z,23,23,100,CLR,California
TRK,2018-01-02T12:35:00Z,23,21.2,92.69,CLR,California
TRK,2018-01-02T12:55:00Z,23,21.2,92.69,CLR,California
TRK,2018-01-02T13:15:00Z,23,21.2,92.69,CLR,California
TRK,2018-01-02T13:35:00Z,23,21.2,92.69,CLR,California
TRK,2018-01-02T14:55:00Z,21.2,19.4,92.63,FEW,California
TRK,2018-01-02T16:50:00Z,26.6,26.6,100,SCT,California
TRK,2018-01-02T17:45:00Z,32,26.6,80.22,SCT,California
TRK,2018-01-02T18:45:00Z,39.2,26.6,60.29,SCT,California
TRK,2018-01-02T19:50:00Z,42.8,26.6,52.45,SCT,California
TRK,2018-01-02T22:45:00Z,46.4,26.6,45.73,BKN,California
TRK,2018-01-02T23:50:00Z,46.4,26.6,45.73,OVC,California
TRK,2018-01-03T00:45:00Z,42.8,30.2,60.79,OVC,California
TRK,2018-01-03T01:15:00Z,35.6,30.2,80.51,CLR,California
TRK,2018-01-03T01:35:00Z,37.4,32,80.65,CLR,California
TRK,2018-01-03T01:55:00Z,33.8,30.2,86.49,CLR,California
TRK,2018-01-03T02:15:00Z,35.6,30.2,80.51,CLR,California
TRK,2018-01-03T02:35:00Z,33.8,28.4,80.36,CLR,California
TRK,2018-01-03T02:55:00Z,32,30.2,92.97,CLR,California
TRK,2018-01-03T03:15:00Z,30.2,28.4,92.92,CLR,California
TRK,2018-01-03T03:35:00Z,32,28.4,86.39,CLR,California
TRK,2018-01-03T03:55:00Z,32,30.2,92.97,CLR,California
TRK,2018-01-03T04:15:00Z,32,28.4,86.39,CLR,California
TRK,2018-01-03T04:35:00Z,32,28.4,86.39,SCT,California
TRK,2018-01-03T04:55:00Z,30.2,28.4,92.92,CLR,California
TRK,2018-01-03T05:15:00Z,30.2,28.4,92.92,CLR,California
TRK,2018-01-03T05:35:00Z,30.2,28.4,92.92,CLR,California
TRK,2018-01-03T05:55:00Z,30.2,28.4,92.92,CLR,California
TRK,2018-01-03T06:15:00Z,28.4,28.4,100,CLR,California
TRK,2018-01-03T06:35:00Z,28.4,26.6,92.86,SCT,California
TRK,2018-01-03T06:55:00Z,28.4,26.6,92.86,BKN,California
TRK,2018-01-03T07:15:00Z,28.4,28.4,100,OVC,California
TRK,2018-01-03T07:35:00Z,30.2,28.4,92.92,OVC,California
TRK,2018-01-03T07:55:00Z,28.4,26.6,92.86,BKN,California
TRK,2018-01-03T08:15:00Z,30.2,28.4,92.92,BKN,California
TRK,2018-01-03T08:35:00Z,30.2,28.4,92.92,BKN,California
TRK,2018-01-03T08:55:00Z,28.4,26.6,92.86,BKN,California
TRK,2018-01-03T09:15:00Z,30.2,28.4,92.92,SCT,California
TRK,2018-01-03T09:35:00Z,28.4,26.6,92.86,CLR,California
TRK,2018-01-03T09:55:00Z,28.4,26.6,92.86,SCT,California
TRK,2018-01-03T10:15:00Z,28.4,26.6,92.86,BKN,California
TRK,2018-01-03T10:35:00Z,28.4,28.4,100,BKN,California
TRK,2018-01-03T10:55:00Z,28.4,28.4,100,OVC,California
TRK,2018-01-03T11:15:00Z,28.4,26.6,92.86,BKN,California
TRK,2018-01-03T11:35:00Z,28.4,28.4,100,SCT,California
TRK,2018-01-03T11:55:00Z,28.4,26.6,92.86,SCT,California
TRK,2018-01-03T12:15:00Z,28.4,26.6,92.86,SCT,California
TRK,2018-01-03T12:35:00Z,28.4,28.4,100,CLR,California
TRK,2018-01-03T12:50:00Z,28.4,26.6,92.86,SCT,California
TRK,2018-01-03T13:15:00Z,28.4,26.6,92.86,OVC,California
TRK,2018-01-03T13:35:00Z,28.4,28.4,100,OVC,California
TRK,2018-01-03T14:45:00Z,26.6,26.6,100,SCT,California
TRK,2018-01-03T15:45:00Z,26.6,26.6,100,OVC,California
TRK,2018-01-03T16:55:00Z,30.2,28.4,92.92,BKN,California
TRK,2018-01-03T17:55:00Z,35.6,28.4,74.8,BKN,California
TRK,2018-01-03T19:45:00Z,42.8,30.2,60.79,OVC,California
TRK,2018-01-03T20:50:00Z,48.2,30.2,49.53,OVC,California
TRK,2018-01-03T21:45:00Z,51.8,30.2,43.32,OVC,California
TRK,2018-01-03T22:45:00Z,53.6,30.2,40.54,OVC,California
TRK,2018-01-03T23:55:00Z,48.2,24.8,39.66,OVC,California
TRK,2018-01-04T00:45:00Z,48.2,21.2,34.09,OVC,California
TRK,2018-01-04T01:15:00Z,46.4,24.8,42.44,OVC,California
TRK,2018-01-04T01:35:00Z,46.4,26.6,45.73,OVC,California
TRK,2018-01-04T01:55:00Z,42.8,28.4,56.48,SCT,California
TRK,2018-01-04T02:15:00Z,44.6,30.2,56.74,SCT,California
TRK,2018-01-04T02:35:00Z,42.8,33.8,70.28,BKN,California
TRK,2018-01-04T02:55:00Z,41,33.8,75.33,SCT,California
TRK,2018-01-04T03:15:00Z,41,33.8,75.33,SCT,California
TRK,2018-01-04T03:35:00Z,41,33.8,75.33,OVC,California
TRK,2018-01-04T03:55:00Z,41,33.8,75.33,OVC,California
TRK,2018-01-04T04:15:00Z,42.8,33.8,70.28,OVC,California
TRK,2018-01-04T04:35:00Z,41,33.8,75.33,SCT,California
TRK,2018-01-04T04:55:00Z,37.4,33.8,86.69,SCT,California
TRK,2018-01-04T05:15:00Z,39.2,33.8,80.79,BKN,California
TRK,2018-01-04T05:35:00Z,35.6,33.8,93.08,BKN,California
TRK,2018-01-04T05:55:00Z,37.4,33.8,86.69,OVC,California
TRK,2018-01-04T06:15:00Z,35.6,33.8,93.08,BKN,California
TRK,2018-01-04T06:35:00Z,35.6,32,86.59,OVC,California
TRK,2018-01-04T06:55:00Z,33.8,33.8,100,OVC,California
TRK,2018-01-04T07:15:00Z,32,32,100,OVC,California
TRK,2018-01-04T07:35:00Z,32,32,100,SCT,California
TRK,2018-01-04T07:55:00Z,33.8,33.8,100,BKN,California
TRK,2018-01-04T08:15:00Z,33.8,32,93.03,OVC,California
TRK,2018-01-04T08:35:00Z,32,32,100,BKN,California
TRK,2018-01-04T08:55:00Z,33.8,32,93.03,SCT,California
TRK,2018-01-04T09:15:00Z,33.8,32,93.03,SCT,California
TRK,2018-01-04T09:35:00Z,32,32,100,BKN,California
TRK,2018-01-04T09:55:00Z,32,32,100,OVC,California
TRK,2018-01-04T10:15:00Z,33.8,32,93.03,BKN,California
TRK,2018-01-04T10:35:00Z,33.8,32,93.03,SCT,California
TRK,2018-01-04T10:55:00Z,33.8,32,93.03,SCT,California
TRK,2018-01-04T11:15:00Z,33.8,33.8,100,BKN,California
TRK,2018-01-04T11:35:00Z,33.8,33.8,100,BKN,California
TRK,2018-01-04T11:55:00Z,33.8,33.8,100,BKN,California
TRK,2018-01-04T12:15:00Z,35.6,33.8,93.08,BKN,California
TRK,2018-01-04T12:35:00Z,37.4,33.8,86.69,BKN,California
TRK,2018-01-04T12:55:00Z,35.6,33.8,93.08,SCT,California
TRK,2018-01-04T13:15:00Z,37.4,35.6,93.14,SCT,California
TRK,2018-01-04T13:35:00Z,37.4,35.6,93.14,SCT,California
TRK,2018-01-04T14:45:00Z,35.6,33.8,93.08,BKN,California
TRK,2018-01-04T15:45:00Z,39.2,35.6,86.79,NA,California
TRK,2018-01-04T16:45:00Z,33.8,33.8,100,SCT,California
TRK,2018-01-04T17:45:00Z,42.8,39.2,86.99,SCT,California
TRK,2018-01-04T18:45:00Z,48.2,37.4,66.05,NA,California
TRK,2018-01-04T19:45:00Z,50,37.4,61.76,NA,California
TRK,2018-01-04T20:45:00Z,51.8,37.4,57.77,NA,California
TRK,2018-01-04T21:45:00Z,51.8,35.6,53.81,NA,California
TRK,2018-01-04T22:45:00Z,51.8,35.6,53.81,NA,California
TRK,2018-01-04T23:50:00Z,48.2,35.6,61.52,BKN,California
TRK,2018-01-05T00:50:00Z,44.6,33.8,65.61,BKN,California
TRK,2018-01-05T01:15:00Z,44.6,33.8,65.61,BKN,California
TRK,2018-01-05T01:35:00Z,44.6,33.8,65.61,OVC,California
TRK,2018-01-05T01:55:00Z,44.6,33.8,65.61,BKN,California
TRK,2018-01-05T02:15:00Z,44.6,33.8,65.61,OVC,California
TRK,2018-01-05T02:35:00Z,44.6,33.8,65.61,OVC,California
TRK,2018-01-05T02:55:00Z,44.6,32,61.03,BKN,California
TRK,2018-01-05T03:15:00Z,46.4,32,57,BKN,California
TRK,2018-01-05T03:35:00Z,44.6,33.8,65.61,BKN,California
TRK,2018-01-05T03:55:00Z,44.6,32,61.03,SCT,California
TRK,2018-01-05T04:15:00Z,44.6,33.8,65.61,SCT,California
TRK,2018-01-05T04:35:00Z,44.6,32,61.03,BKN,California
TRK,2018-01-05T04:55:00Z,44.6,32,61.03,SCT,California
TRK,2018-01-05T05:15:00Z,46.4,33.8,61.28,BKN,California
TRK,2018-01-05T05:35:00Z,44.6,33.8,65.61,BKN,California
TRK,2018-01-05T05:55:00Z,44.6,33.8,65.61,SCT,California
TRK,2018-01-05T06:15:00Z,44.6,33.8,65.61,SCT,California
TRK,2018-01-05T06:35:00Z,44.6,33.8,65.61,SCT,California
TRK,2018-01-05T06:55:00Z,44.6,33.8,65.61,BKN,California
TRK,2018-01-05T07:15:00Z,44.6,32,61.03,SCT,California
TRK,2018-01-05T07:35:00Z,44.6,32,61.03,SCT,California
TRK,2018-01-05T07:55:00Z,42.8,32,65.38,SCT,California
TRK,2018-01-05T08:15:00Z,42.8,32,65.38,SCT,California
TRK,2018-01-05T08:35:00Z,42.8,32,65.38,BKN,California
TRK,2018-01-05T08:55:00Z,44.6,32,61.03,BKN,California
TRK,2018-01-05T09:15:00Z,44.6,32,61.03,BKN,California
TRK,2018-01-05T09:35:00Z,44.6,32,61.03,BKN,California
TRK,2018-01-05T09:55:00Z,44.6,32,61.03,BKN,California
TRK,2018-01-05T10:15:00Z,44.6,33.8,65.61,BKN,California
TRK,2018-01-05T10:35:00Z,44.6,33.8,65.61,BKN,California
TRK,2018-01-05T10:55:00Z,44.6,33.8,65.61,SCT,California
TRK,2018-01-05T11:15:00Z,44.6,33.8,65.61,BKN,California
TRK,2018-01-05T11:35:00Z,44.6,33.8,65.61,BKN,California
TRK,2018-01-05T11:55:00Z,44.6,32,61.03,OVC,California
TRK,2018-01-05T12:15:00Z,44.6,32,61.03,BKN,California
TRK,2018-01-05T12:35:00Z,44.6,33.8,65.61,BKN,California
TRK,2018-01-05T12:55:00Z,44.6,32,61.03,BKN,California
TRK,2018-01-05T13:15:00Z,42.8,33.8,70.28,BKN,California
TRK,2018-01-05T13:35:00Z,42.8,35.6,75.5,BKN,California
TRK,2018-01-05T14:45:00Z,39.2,37.4,93.19,NA,California
TRK,2018-01-05T15:45:00Z,39.2,37.4,93.19,OVC,California
TRK,2018-01-05T17:45:00Z,44.6,39.2,81.2,NA,California
TRK,2018-01-05T19:45:00Z,48.2,37.4,66.05,NA,California
TRK,2018-01-05T20:45:00Z,48.2,37.4,66.05,NA,California
TRK,2018-01-05T21:45:00Z,48.2,37.4,66.05,NA,California
TRK,2018-01-05T22:45:00Z,48.2,39.2,70.88,NA,California
TRK,2018-01-05T23:50:00Z,44.6,39.2,81.2,NA,California
TRK,2018-01-06T00:50:00Z,42.8,39.2,86.99,NA,California
TRK,2018-01-06T01:15:00Z,41,37.4,86.89,SCT,California
TRK,2018-01-06T01:35:00Z,41,39.2,93.24,SCT,California
TRK,2018-01-06T01:55:00Z,39.2,37.4,93.19,BKN,California
TRK,2018-01-06T02:15:00Z,42.8,37.4,81.07,SCT,California
TRK,2018-01-06T02:35:00Z,41,39.2,93.24,SCT,California
TRK,2018-01-06T02:55:00Z,41,39.2,93.24,SCT,California
TRK,2018-01-06T03:15:00Z,39.2,37.4,93.19,SCT,California
TRK,2018-01-06T03:35:00Z,37.4,37.4,100,SCT,California
TRK,2018-01-06T03:55:00Z,37.4,37.4,100,OVC,California
TRK,2018-01-06T04:15:00Z,39.2,37.4,93.19,BKN,California
TRK,2018-01-06T04:35:00Z,41,37.4,86.89,BKN,California
TRK,2018-01-06T04:55:00Z,41,37.4,86.89,BKN,California
TRK,2018-01-06T05:15:00Z,42.8,37.4,81.07,BKN,California
TRK,2018-01-06T05:35:00Z,41,37.4,86.89,SCT,California
TRK,2018-01-06T05:55:00Z,42.8,37.4,81.07,SCT,California
TRK,2018-01-06T06:15:00Z,41,37.4,86.89,SCT,California
TRK,2018-01-06T06:35:00Z,41,37.4,86.89,BKN,California
TRK,2018-01-06T06:55:00Z,39.2,35.6,86.79,OVC,California
TRK,2018-01-06T07:15:00Z,39.2,35.6,86.79,BKN,California
TRK,2018-01-06T07:35:00Z,39.2,35.6,86.79,SCT,California
TRK,2018-01-06T07:55:00Z,39.2,35.6,86.79,BKN,California
TRK,2018-01-06T08:15:00Z,39.2,35.6,86.79,BKN,California
TRK,2018-01-06T08:35:00Z,37.4,35.6,93.14,BKN,California
TRK,2018-01-06T08:55:00Z,37.4,37.4,100,OVC,California
TRK,2018-01-06T09:15:00Z,37.4,37.4,100,OVC,California
TRK,2018-01-06T09:35:00Z,37.4,35.6,93.14,OVC,California
TRK,2018-01-06T09:55:00Z,37.4,35.6,93.14,OVC,California
TRK,2018-01-06T10:15:00Z,35.6,35.6,100,OVC,California
TRK,2018-01-06T10:35:00Z,35.6,35.6,100,BKN,California
TRK,2018-01-06T10:55:00Z,35.6,35.6,100,SCT,California
TRK,2018-01-06T11:15:00Z,37.4,35.6,93.14,SCT,California
TRK,2018-01-06T11:35:00Z,37.4,35.6,93.14,OVC,California
TRK,2018-01-06T11:55:00Z,37.4,35.6,93.14,SCT,California
TRK,2018-01-06T12:15:00Z,37.4,35.6,93.14,SCT,California
TRK,2018-01-06T12:35:00Z,37.4,35.6,93.14,BKN,California
TRK,2018-01-06T12:55:00Z,37.4,35.6,93.14,BKN,California
TRK,2018-01-06T13:15:00Z,37.4,35.6,93.14,OVC,California
TRK,2018-01-06T13:35:00Z,37.4,35.6,93.14,BKN,California
TRK,2018-01-06T14:45:00Z,37.4,35.6,93.14,NA,California
TRK,2018-01-06T15:45:00Z,37.4,33.8,86.69,NA,California
TRK,2018-01-06T16:45:00Z,39.2,37.4,93.19,NA,California
TRK,2018-01-06T18:45:00Z,44.6,35.6,70.48,NA,California
TRK,2018-01-06T20:00:00Z,46.4,33.8,61.28,NA,California
TRK,2018-01-06T20:45:00Z,46.4,30.2,53,FEW,California
TRK,2018-01-06T21:45:00Z,46.4,26.6,45.73,FEW,California
TRK,2018-01-06T22:45:00Z,44.6,24.8,45.44,FEW,California
TRK,2018-01-06T23:55:00Z,44.6,24.8,45.44,CLR,California
TRK,2018-01-07T00:45:00Z,37.4,26.6,64.7,CLR,California
TRK,2018-01-07T01:15:00Z,32,28.4,86.39,CLR,California
TRK,2018-01-07T01:35:00Z,32,28.4,86.39,CLR,California
TRK,2018-01-07T01:55:00Z,30.2,26.6,86.28,CLR,California
TRK,2018-01-07T02:15:00Z,30.2,28.4,92.92,CLR,California
TRK,2018-01-07T02:35:00Z,30.2,28.4,92.92,CLR,California
TRK,2018-01-07T02:55:00Z,30.2,28.4,92.92,CLR,California
TRK,2018-01-07T03:15:00Z,28.4,26.6,92.86,CLR,California
TRK,2018-01-07T03:35:00Z,28.4,26.6,92.86,CLR,California
TRK,2018-01-07T03:55:00Z,28.4,26.6,92.86,CLR,California
TRK,2018-01-07T04:15:00Z,24.8,23,92.74,CLR,California
TRK,2018-01-07T04:35:00Z,26.6,26.6,100,CLR,California
TRK,2018-01-07T04:55:00Z,26.6,26.6,100,CLR,California
TRK,2018-01-07T05:15:00Z,26.6,26.6,100,CLR,California
TRK,2018-01-07T05:35:00Z,28.4,26.6,92.86,CLR,California
TRK,2018-01-07T05:55:00Z,26.6,24.8,92.8,CLR,California
TRK,2018-01-07T06:15:00Z,26.6,23,86.07,CLR,California
TRK,2018-01-07T06:35:00Z,24.8,23,92.74,CLR,California
TRK,2018-01-07T06:55:00Z,24.8,23,92.74,CLR,California
TRK,2018-01-07T07:15:00Z,24.8,24.8,100,CLR,California
TRK,2018-01-07T07:35:00Z,26.6,24.8,92.8,CLR,California
TRK,2018-01-07T07:55:00Z,24.8,23,92.74,CLR,California
TRK,2018-01-07T08:15:00Z,21.2,21.2,100,CLR,California
TRK,2018-01-07T08:35:00Z,23,23,100,SCT,California
TRK,2018-01-07T08:55:00Z,23,23,100,BKN,California
TRK,2018-01-07T09:15:00Z,23,23,100,OVC,California
TRK,2018-01-07T09:35:00Z,24.8,23,92.74,OVC,California
TRK,2018-01-07T09:55:00Z,23,23,100,OVC,California
TRK,2018-01-07T10:15:00Z,21.2,19.4,92.63,OVC,California
TRK,2018-01-07T10:35:00Z,21.2,19.4,92.63,OVC,California
TRK,2018-01-07T10:55:00Z,21.2,19.4,92.63,SCT,California
TRK,2018-01-07T11:15:00Z,19.4,19.4,100,CLR,California
TRK,2018-01-07T11:35:00Z,21.2,19.4,92.63,CLR,California
TRK,2018-01-07T11:55:00Z,21.2,19.4,92.63,BKN,California
TRK,2018-01-07T12:15:00Z,21.2,19.4,92.63,OVC,California
TRK,2018-01-07T12:35:00Z,19.4,19.4,100,OVC,California
TRK,2018-01-07T12:55:00Z,21.2,19.4,92.63,OVC,California
TRK,2018-01-07T13:15:00Z,21.2,21.2,100,OVC,California
TRK,2018-01-07T13:35:00Z,21.2,19.4,92.63,OVC,California
TRK,2018-01-07T14:45:00Z,19.4,17.6,92.57,OVC,California
TRK,2018-01-07T16:45:00Z,19.4,17.6,92.57,OVC,California
TRK,2018-01-07T19:45:00Z,32,28.4,86.39,BKN,California
TRK,2018-01-07T20:45:00Z,33.8,32,93.03,BKN,California
TRK,2018-01-07T21:45:00Z,37.4,30.2,74.98,OVC,California
TRK,2018-01-07T22:50:00Z,39.2,30.2,69.88,OVC,California
TRK,2018-01-07T23:45:00Z,37.4,30.2,74.98,OVC,California
TRK,2018-01-08T00:50:00Z,35.6,30.2,NA,OVC,California
TRK,2018-01-08T01:15:00Z,32,30.2,NA,CLR,California
TRK,2018-01-08T01:35:00Z,33.8,30.2,NA,CLR,California
TRK,2018-01-08T01:55:00Z,32,30.2,NA,CLR,California
TRK,2018-01-08T02:15:00Z,33.8,30.2,NA,CLR,California
TRK,2018-01-08T02:35:00Z,33.8,26.6,NA,CLR,California
TRK,2018-01-08T02:55:00Z,39.2,17.6,NA,CLR,California
TRK,2018-01-08T03:15:00Z,39.2,17.6,NA,CLR,California
TRK,2018-01-08T03:35:00Z,35.6,24.8,NA,CLR,California
TRK,2018-01-08T03:55:00Z,33.8,26.6,NA,CLR,California
TRK,2018-01-08T04:15:00Z,33.8,28.4,NA,SCT,California
TRK,2018-01-08T04:35:00Z,33.8,28.4,NA,SCT,California
TRK,2018-01-08T04:55:00Z,32,28.4,NA,SCT,California
TRK,2018-01-08T05:15:00Z,33.8,26.6,NA,SCT,California
TRK,2018-01-08T05:35:00Z,32,28.4,NA,SCT,California
TRK,2018-01-08T05:55:00Z,32,28.4,NA,SCT,California
TRK,2018-01-08T06:15:00Z,32,28.4,NA,BKN,California
TRK,2018-01-08T06:35:00Z,32,28.4,NA,OVC,California
TRK,2018-01-08T06:55:00Z,32,28.4,NA,OVC,California
TRK,2018-01-08T07:15:00Z,32,28.4,NA,SCT,California
TRK,2018-01-08T07:35:00Z,32,28.4,NA,SCT,California
TRK,2018-01-08T07:55:00Z,32,26.6,NA,BKN,California
TRK,2018-01-08T08:15:00Z,32,28.4,NA,OVC,California
TRK,2018-01-08T08:35:00Z,32,28.4,NA,OVC,California
TRK,2018-01-08T08:55:00Z,32,28.4,NA,OVC,California
TRK,2018-01-08T09:15:00Z,32,28.4,NA,OVC,California
TRK,2018-01-08T09:35:00Z,32,28.4,NA,OVC,California
TRK,2018-01-08T09:55:00Z,32,28.4,NA,OVC,California
TRK,2018-01-08T10:15:00Z,32,28.4,NA,OVC,California
TRK,2018-01-08T10:35:00Z,32,28.4,NA,OVC,California
TRK,2018-01-08T10:55:00Z,32,28.4,NA,BKN,California
TRK,2018-01-08T11:15:00Z,32,28.4,NA,BKN,California
TRK,2018-01-08T11:35:00Z,32,28.4,NA,SCT,California
TRK,2018-01-08T11:55:00Z,35.6,30.2,NA,SCT,California
TRK,2018-01-08T12:15:00Z,41,30.2,NA,CLR,California
TRK,2018-01-08T12:35:00Z,41,30.2,NA,SCT,California
TRK,2018-01-08T12:55:00Z,41,30.2,NA,SCT,California
TRK,2018-01-08T13:15:00Z,35.6,28.4,NA,BKN,California
TRK,2018-01-08T13:35:00Z,33.8,28.4,NA,OVC,California
TRK,2018-01-08T14:45:00Z,35.6,28.4,NA,OVC,California
TRK,2018-01-08T15:45:00Z,33.8,30.2,NA,OVC,California
TRK,2018-01-08T16:45:00Z,35.6,32,NA,SCT,California
TRK,2018-01-08T17:45:00Z,35.6,32,NA,BKN,California
TRK,2018-01-08T18:45:00Z,35.6,33.8,NA,SCT,California
TRK,2018-01-08T19:55:00Z,37.4,35.6,NA,SCT,California
TRK,2018-01-08T20:55:00Z,37.4,37.4,NA,BKN,California
TRK,2018-01-08T21:45:00Z,41,39.2,NA,BKN,California
TRK,2018-01-08T22:45:00Z,44.6,39.2,NA,BKN,California
TRK,2018-01-08T23:45:00Z,42.8,39.2,NA,BKN,California
TRK,2018-01-09T00:45:00Z,39.2,37.4,93.19,OVC,California
TRK,2018-01-09T01:15:00Z,39.2,37.4,93.19,OVC,California
TRK,2018-01-09T01:35:00Z,39.2,35.6,86.79,BKN,California
TRK,2018-01-09T01:55:00Z,37.4,35.6,93.14,OVC,California
TRK,2018-01-09T02:15:00Z,37.4,35.6,93.14,BKN,California
TRK,2018-01-09T02:35:00Z,37.4,35.6,93.14,SCT,California
TRK,2018-01-09T02:55:00Z,35.6,35.6,100,BKN,California
TRK,2018-01-09T03:15:00Z,35.6,35.6,100,OVC,California
TRK,2018-01-09T03:35:00Z,37.4,35.6,93.14,OVC,California
TRK,2018-01-09T03:55:00Z,35.6,35.6,100,OVC,California
TRK,2018-01-09T04:15:00Z,35.6,35.6,100,OVC,California
TRK,2018-01-09T04:35:00Z,35.6,35.6,100,SCT,California
TRK,2018-01-09T04:55:00Z,35.6,35.6,100,BKN,California
TRK,2018-01-09T05:15:00Z,35.6,35.6,100,SCT,California
TRK,2018-01-09T05:35:00Z,35.6,35.6,100,BKN,California
TRK,2018-01-09T05:55:00Z,35.6,35.6,100,BKN,California
TRK,2018-01-09T06:15:00Z,35.6,35.6,100,OVC,California
TRK,2018-01-09T06:35:00Z,35.6,35.6,100,OVC,California
TRK,2018-01-09T06:55:00Z,35.6,35.6,100,OVC,California
TRK,2018-01-09T07:15:00Z,35.6,35.6,100,OVC,California
TRK,2018-01-09T07:35:00Z,35.6,35.6,100,OVC,California
TRK,2018-01-09T07:55:00Z,35.6,35.6,100,OVC,California
TRK,2018-01-09T08:15:00Z,35.6,35.6,100,OVC,California
TRK,2018-01-09T08:35:00Z,35.6,35.6,100,OVC,California
TRK,2018-01-09T08:55:00Z,33.8,33.8,100,OVC,California
TRK,2018-01-09T09:15:00Z,33.8,33.8,100,OVC,California
TRK,2018-01-09T09:35:00Z,35.6,35.6,100,BKN,California
TRK,2018-01-09T09:55:00Z,35.6,35.6,100,OVC,California
TRK,2018-01-09T10:15:00Z,33.8,33.8,100,OVC,California
TRK,2018-01-09T10:35:00Z,35.6,33.8,93.08,BKN,California
TRK,2018-01-09T10:55:00Z,35.6,35.6,100,SCT,California
TRK,2018-01-09T11:15:00Z,33.8,33.8,100,OVC,California
TRK,2018-01-09T11:35:00Z,35.6,35.6,100,BKN,California
TRK,2018-01-09T11:55:00Z,35.6,35.6,100,OVC,California
TRK,2018-01-09T12:15:00Z,35.6,35.6,100,OVC,California
TRK,2018-01-09T12:35:00Z,33.8,33.8,100,OVC,California
TRK,2018-01-09T12:55:00Z,33.8,33.8,100,OVC,California
TRK,2018-01-09T13:15:00Z,35.6,33.8,93.08,OVC,California
TRK,2018-01-09T13:35:00Z,35.6,35.6,100,BKN,California
TRK,2018-01-09T14:45:00Z,35.6,35.6,100,OVC,California
TRK,2018-01-09T15:45:00Z,35.6,35.6,100,BKN,California
TRK,2018-01-09T16:50:00Z,37.4,37.4,100,SCT,California
TRK,2018-01-09T16:55:00Z,37.4,37.4,100,BKN,California
TRK,2018-01-09T17:50:00Z,39.2,37.4,93.19,SCT,California
TRK,2018-01-09T18:50:00Z,39.2,39.2,100,SCT,California
TRK,2018-01-09T20:50:00Z,42.8,42.8,100,BKN,California
TRK,2018-01-09T22:55:00Z,44.6,42.8,93.35,SCT,California
TRK,2018-01-09T23:45:00Z,44.6,41,87.09,SCT,California
TRK,2018-01-10T00:55:00Z,42.8,39.2,86.99,SCT,California
TRK,2018-01-10T01:15:00Z,41,39.2,93.24,SCT,California
TRK,2018-01-10T01:35:00Z,41,37.4,86.89,SCT,California
TRK,2018-01-10T01:55:00Z,39.2,37.4,93.19,SCT,California
TRK,2018-01-10T02:15:00Z,37.4,37.4,100,BKN,California
TRK,2018-01-10T02:35:00Z,39.2,39.2,100,SCT,California
TRK,2018-01-10T02:55:00Z,37.4,37.4,100,SCT,California
TRK,2018-01-10T03:15:00Z,37.4,37.4,100,SCT,California
TRK,2018-01-10T03:35:00Z,37.4,35.6,93.14,BKN,California
TRK,2018-01-10T03:55:00Z,35.6,35.6,100,SCT,California
TRK,2018-01-10T04:15:00Z,35.6,35.6,100,BKN,California
TRK,2018-01-10T04:35:00Z,35.6,35.6,100,BKN,California
TRK,2018-01-10T04:55:00Z,35.6,35.6,100,BKN,California
TRK,2018-01-10T05:15:00Z,37.4,35.6,93.14,BKN,California
TRK,2018-01-10T05:35:00Z,37.4,35.6,93.14,OVC,California
TRK,2018-01-10T05:50:00Z,37.4,35.6,93.14,OVC,California
TRK,2018-01-10T06:15:00Z,35.6,35.6,100,OVC,California
TRK,2018-01-10T06:35:00Z,35.6,35.6,100,OVC,California
TRK,2018-01-10T06:55:00Z,35.6,33.8,93.08,OVC,California
TRK,2018-01-10T07:15:00Z,35.6,35.6,100,SCT,California
TRK,2018-01-10T07:35:00Z,37.4,35.6,93.14,BKN,California
TRK,2018-01-10T07:55:00Z,37.4,33.8,86.69,OVC,California
TRK,2018-01-10T08:15:00Z,35.6,33.8,93.08,SCT,California
TRK,2018-01-10T08:35:00Z,35.6,32,86.59,SCT,California
TRK,2018-01-10T08:55:00Z,33.8,32,93.03,BKN,California
TRK,2018-01-10T09:15:00Z,33.8,32,93.03,SCT,California
TRK,2018-01-10T09:35:00Z,35.6,32,86.59,SCT,California
TRK,2018-01-10T09:55:00Z,35.6,32,86.59,SCT,California
TRK,2018-01-10T10:15:00Z,33.8,32,93.03,SCT,California
TRK,2018-01-10T10:35:00Z,32,32,100,SCT,California
TRK,2018-01-10T10:55:00Z,32,32,100,SCT,California
TRK,2018-01-10T11:15:00Z,32,32,100,SCT,California
TRK,2018-01-10T11:35:00Z,32,32,100,SCT,California
TRK,2018-01-10T11:55:00Z,32,32,100,BKN,California
TRK,2018-01-10T12:15:00Z,32,32,100,BKN,California
TRK,2018-01-10T12:35:00Z,32,30.2,92.97,SCT,California
TRK,2018-01-10T12:55:00Z,32,32,100,BKN,California
TRK,2018-01-10T13:15:00Z,32,32,100,SCT,California
TRK,2018-01-10T13:35:00Z,33.8,32,93.03,SCT,California
TRK,2018-01-10T14:45:00Z,33.8,32,93.03,NA,California
TRK,2018-01-10T15:45:00Z,33.8,32,93.03,NA,California
TRK,2018-01-10T16:45:00Z,35.6,33.8,93.08,NA,California
TRK,2018-01-10T17:45:00Z,37.4,35.6,93.14,NA,California
TRK,2018-01-10T18:45:00Z,39.2,35.6,86.79,NA,California
TRK,2018-01-10T19:45:00Z,42.8,35.6,75.5,NA,California
TRK,2018-01-10T20:45:00Z,44.6,35.6,70.48,SCT,California
TRK,2018-01-10T22:50:00Z,44.6,33.8,65.61,SCT,California
TRK,2018-01-10T23:45:00Z,44.6,33.8,65.61,SCT,California
TRK,2018-01-11T00:45:00Z,39.2,33.8,80.79,FEW,California
TRK,2018-01-11T01:15:00Z,37.4,32,80.65,CLR,California
TRK,2018-01-11T01:35:00Z,32,32,100,CLR,California
TRK,2018-01-11T01:55:00Z,32,32,100,CLR,California
TRK,2018-01-11T02:15:00Z,33.8,32,93.03,CLR,California
TRK,2018-01-11T02:35:00Z,32,30.2,92.97,CLR,California
TRK,2018-01-11T02:50:00Z,32,30.2,92.97,CLR,California
TRK,2018-01-11T03:15:00Z,30.2,28.4,92.92,CLR,California
TRK,2018-01-11T03:35:00Z,32,30.2,92.97,CLR,California
TRK,2018-01-11T03:55:00Z,30.2,30.2,100,CLR,California
TRK,2018-01-11T04:15:00Z,28.4,28.4,100,CLR,California
TRK,2018-01-11T04:35:00Z,30.2,28.4,92.92,CLR,California
TRK,2018-01-11T04:55:00Z,28.4,26.6,92.86,CLR,California
TRK,2018-01-11T05:15:00Z,28.4,28.4,100,CLR,California
TRK,2018-01-11T05:35:00Z,26.6,26.6,100,CLR,California
TRK,2018-01-11T05:55:00Z,26.6,24.8,92.8,CLR,California
TRK,2018-01-11T06:15:00Z,26.6,26.6,100,CLR,California
TRK,2018-01-11T06:35:00Z,28.4,26.6,92.86,CLR,California
TRK,2018-01-11T06:55:00Z,26.6,24.8,92.8,CLR,California
TRK,2018-01-11T07:15:00Z,26.6,26.6,100,CLR,California
TRK,2018-01-11T07:35:00Z,26.6,26.6,100,SCT,California
TRK,2018-01-11T07:55:00Z,24.8,23,92.74,SCT,California
TRK,2018-01-11T08:15:00Z,26.6,26.6,100,OVC,California
TRK,2018-01-11T08:35:00Z,26.6,24.8,92.8,OVC,California
TRK,2018-01-11T08:55:00Z,26.6,26.6,100,OVC,California
TRK,2018-01-11T09:15:00Z,24.8,24.8,100,OVC,California
TRK,2018-01-11T09:35:00Z,26.6,24.8,92.8,OVC,California
TRK,2018-01-11T09:55:00Z,24.8,24.8,100,OVC,California
TRK,2018-01-11T10:15:00Z,24.8,23,92.74,OVC,California
TRK,2018-01-11T10:35:00Z,23,23,100,OVC,California
TRK,2018-01-11T10:55:00Z,24.8,23,92.74,OVC,California
TRK,2018-01-11T11:15:00Z,24.8,23,92.74,OVC,California
TRK,2018-01-11T11:35:00Z,23,23,100,OVC,California
TRK,2018-01-11T11:55:00Z,24.8,23,92.74,OVC,California
TRK,2018-01-11T12:15:00Z,23,23,100,OVC,California
TRK,2018-01-11T12:35:00Z,23,23,100,OVC,California
TRK,2018-01-11T12:55:00Z,23,21.2,92.69,OVC,California
TRK,2018-01-11T13:15:00Z,21.2,21.2,100,OVC,California
TRK,2018-01-11T13:35:00Z,NA,NA,NA,BKN,California
TRK,2018-01-11T14:45:00Z,24.8,23,92.74,NA,California
TRK,2018-01-11T15:45:00Z,24.8,24.8,100,NA,California
TRK,2018-01-11T16:45:00Z,26.6,26.6,100,SCT,California
TRK,2018-01-11T17:45:00Z,30.2,30.2,100,NA,California
TRK,2018-01-11T18:45:00Z,37.4,32,80.65,OVC,California
TRK,2018-01-11T19:50:00Z,42.8,33.8,70.28,OVC,California
TRK,2018-01-11T20:45:00Z,44.6,30.2,56.74,BKN,California
TRK,2018-01-11T21:45:00Z,48.2,35.6,61.52,NA,California
TRK,2018-01-11T22:45:00Z,46.4,35.6,65.83,BKN,California
TRK,2018-01-11T23:50:00Z,46.4,33.8,61.28,FEW,California
TRK,2018-01-12T00:45:00Z,42.8,30.2,60.79,FEW,California
TRK,2018-01-12T01:15:00Z,42.8,28.4,56.48,CLR,California
TRK,2018-01-12T01:35:00Z,42.8,28.4,56.48,CLR,California
TRK,2018-01-12T01:55:00Z,42.8,26.6,52.45,CLR,California
TRK,2018-01-12T02:15:00Z,41,26.6,56.22,CLR,California
TRK,2018-01-12T02:35:00Z,42.8,26.6,52.45,SCT,California
TRK,2018-01-12T02:55:00Z,41,26.6,56.22,SCT,California
TRK,2018-01-12T03:15:00Z,41,26.6,56.22,SCT,California
TRK,2018-01-12T03:35:00Z,41,26.6,56.22,SCT,California
TRK,2018-01-12T03:55:00Z,41,26.6,56.22,CLR,California
TRK,2018-01-12T04:15:00Z,41,28.4,60.54,CLR,California
TRK,2018-01-12T04:35:00Z,41,26.6,56.22,CLR,California
TRK,2018-01-12T04:55:00Z,37.4,26.6,64.7,CLR,California
TRK,2018-01-12T05:15:00Z,37.4,26.6,64.7,CLR,California
TRK,2018-01-12T05:35:00Z,35.6,26.6,69.46,CLR,California
TRK,2018-01-12T05:55:00Z,33.8,26.6,74.63,CLR,California
TRK,2018-01-12T06:15:00Z,32,26.6,80.22,CLR,California
TRK,2018-01-12T06:35:00Z,32,26.6,80.22,CLR,California
TRK,2018-01-12T06:55:00Z,33.8,26.6,74.63,CLR,California
TRK,2018-01-12T07:15:00Z,32,26.6,80.22,CLR,California
TRK,2018-01-12T07:35:00Z,32,28.4,86.39,CLR,California
TRK,2018-01-12T07:55:00Z,32,28.4,86.39,CLR,California
TRK,2018-01-12T08:15:00Z,32,28.4,86.39,CLR,California
TRK,2018-01-12T08:35:00Z,30.2,26.6,86.28,CLR,California
TRK,2018-01-12T08:55:00Z,30.2,26.6,86.28,CLR,California
TRK,2018-01-12T09:15:00Z,30.2,24.8,80.07,CLR,California
TRK,2018-01-12T09:35:00Z,28.4,23,79.92,CLR,California
TRK,2018-01-12T09:55:00Z,26.6,23,86.07,CLR,California
TRK,2018-01-12T10:15:00Z,28.4,24.8,86.18,CLR,California
TRK,2018-01-12T10:35:00Z,28.4,26.6,92.86,CLR,California
TRK,2018-01-12T10:55:00Z,26.6,23,86.07,CLR,California
TRK,2018-01-12T11:15:00Z,28.4,26.6,92.86,CLR,California
TRK,2018-01-12T11:35:00Z,26.6,24.8,92.8,CLR,California
TRK,2018-01-12T11:55:00Z,23,21.2,92.69,CLR,California
TRK,2018-01-12T12:15:00Z,28.4,26.6,92.86,CLR,California
TRK,2018-01-12T12:35:00Z,23,21.2,92.69,CLR,California
TRK,2018-01-12T12:55:00Z,26.6,23,86.07,CLR,California
TRK,2018-01-12T13:15:00Z,26.6,26.6,100,CLR,California
TRK,2018-01-12T13:35:00Z,28.4,26.6,92.86,CLR,California
TRK,2018-01-12T14:45:00Z,23,21.2,92.69,FEW,California
TRK,2018-01-12T15:45:00Z,26.6,24.8,92.8,OVC,California
TRK,2018-01-12T16:45:00Z,28.4,26.6,92.86,OVC,California
TRK,2018-01-12T17:45:00Z,32,28.4,86.39,SCT,California
TRK,2018-01-12T20:45:00Z,48.2,17.6,29.23,FEW,California
TRK,2018-01-12T21:45:00Z,33.8,21.2,59.53,CLR,California
TRK,2018-01-12T22:45:00Z,51.8,26.6,37.38,CLR,California
TRK,2018-01-13T01:15:00Z,37.4,26.6,64.7,CLR,California
TRK,2018-01-13T01:35:00Z,35.6,28.4,74.8,CLR,California
TRK,2018-01-13T01:55:00Z,35.6,28.4,74.8,CLR,California
TRK,2018-01-13T02:15:00Z,32,28.4,86.39,CLR,California
TRK,2018-01-13T02:35:00Z,33.8,28.4,80.36,CLR,California
TRK,2018-01-13T02:55:00Z,32,26.6,80.22,CLR,California
TRK,2018-01-13T03:15:00Z,32,26.6,80.22,CLR,California
TRK,2018-01-13T03:35:00Z,30.2,26.6,86.28,CLR,California
TRK,2018-01-13T03:55:00Z,32,26.6,80.22,CLR,California
TRK,2018-01-13T04:15:00Z,30.2,26.6,86.28,CLR,California
TRK,2018-01-13T04:35:00Z,30.2,26.6,86.28,CLR,California
TRK,2018-01-13T04:55:00Z,28.4,26.6,92.86,CLR,California
TRK,2018-01-13T05:15:00Z,28.4,26.6,92.86,CLR,California
TRK,2018-01-13T05:35:00Z,28.4,26.6,92.86,CLR,California
TRK,2018-01-13T05:55:00Z,26.6,24.8,92.8,CLR,California
TRK,2018-01-13T06:15:00Z,26.6,24.8,92.8,CLR,California
TRK,2018-01-13T06:35:00Z,28.4,26.6,92.86,CLR,California
TRK,2018-01-13T06:55:00Z,26.6,26.6,100,CLR,California
TRK,2018-01-13T07:15:00Z,26.6,24.8,92.8,CLR,California
TRK,2018-01-13T07:35:00Z,26.6,23,86.07,CLR,California
TRK,2018-01-13T07:55:00Z,26.6,26.6,100,CLR,California
TRK,2018-01-13T08:15:00Z,26.6,26.6,100,CLR,California
TRK,2018-01-13T08:35:00Z,24.8,23,92.74,CLR,California
TRK,2018-01-13T08:55:00Z,26.6,24.8,92.8,CLR,California
TRK,2018-01-13T09:15:00Z,26.6,24.8,92.8,CLR,California
TRK,2018-01-13T09:35:00Z,24.8,23,92.74,CLR,California
TRK,2018-01-13T09:55:00Z,24.8,23,92.74,CLR,California
TRK,2018-01-13T10:15:00Z,26.6,23,86.07,CLR,California
TRK,2018-01-13T10:35:00Z,23,21.2,92.69,CLR,California
TRK,2018-01-13T10:55:00Z,23,23,100,CLR,California
TRK,2018-01-13T11:15:00Z,23,21.2,92.69,CLR,California
TRK,2018-01-13T11:35:00Z,21.2,21.2,100,CLR,California
TRK,2018-01-13T11:55:00Z,24.8,23,92.74,CLR,California
TRK,2018-01-13T12:15:00Z,19.4,19.4,100,CLR,California
TRK,2018-01-13T12:35:00Z,23,21.2,92.69,CLR,California
TRK,2018-01-13T12:55:00Z,24.8,23,92.74,CLR,California
TRK,2018-01-13T13:15:00Z,23,21.2,92.69,CLR,California
TRK,2018-01-13T13:35:00Z,21.2,21.2,100,CLR,California
TRK,2018-01-13T14:45:00Z,21.2,19.4,92.63,CLR,California
TRK,2018-01-13T15:45:00Z,19.4,19.4,100,CLR,California
TRK,2018-01-13T16:45:00Z,26.6,26.6,100,CLR,California
TRK,2018-01-13T18:00:00Z,33.8,35.6,107.43,CLR,California
TRK,2018-01-13T18:55:00Z,37.4,28.4,69.67,CLR,California
TRK,2018-01-13T19:55:00Z,44.6,30.2,56.74,CLR,California
TRK,2018-01-14T00:55:00Z,44.6,28.4,52.72,CLR,California
TRK,2018-01-14T01:15:00Z,41,30.2,65.16,CLR,California
TRK,2018-01-14T01:35:00Z,35.6,30.2,80.51,CLR,California
TRK,2018-01-14T01:55:00Z,33.8,28.4,80.36,CLR,California
TRK,2018-01-14T02:15:00Z,33.8,30.2,86.49,CLR,California
TRK,2018-01-14T02:35:00Z,35.6,30.2,80.51,CLR,California
TRK,2018-01-14T02:55:00Z,33.8,30.2,86.49,CLR,California
TRK,2018-01-14T03:15:00Z,32,28.4,86.39,CLR,California
TRK,2018-01-14T03:35:00Z,32,28.4,86.39,CLR,California
TRK,2018-01-14T03:55:00Z,32,28.4,86.39,CLR,California
TRK,2018-01-14T04:15:00Z,30.2,28.4,92.92,CLR,California
TRK,2018-01-14T04:35:00Z,30.2,28.4,92.92,CLR,California
TRK,2018-01-14T04:55:00Z,30.2,28.4,92.92,CLR,California
TRK,2018-01-14T05:15:00Z,30.2,26.6,86.28,CLR,California
TRK,2018-01-14T05:35:00Z,30.2,28.4,92.92,CLR,California
TRK,2018-01-14T05:55:00Z,28.4,26.6,92.86,CLR,California
TRK,2018-01-14T06:15:00Z,30.2,28.4,92.92,CLR,California
TRK,2018-01-14T06:35:00Z,28.4,26.6,92.86,CLR,California
TRK,2018-01-14T06:55:00Z,26.6,26.6,100,CLR,California
TRK,2018-01-14T07:15:00Z,28.4,26.6,92.86,CLR,California
TRK,2018-01-14T07:35:00Z,26.6,26.6,100,CLR,California
TRK,2018-01-14T07:55:00Z,26.6,26.6,100,CLR,California
TRK,2018-01-14T08:15:00Z,28.4,26.6,92.86,CLR,California
TRK,2018-01-14T08:35:00Z,26.6,26.6,100,CLR,California
TRK,2018-01-14T08:55:00Z,26.6,26.6,100,CLR,California
TRK,2018-01-14T09:15:00Z,26.6,26.6,100,CLR,California
TRK,2018-01-14T09:35:00Z,26.6,26.6,100,CLR,California
TRK,2018-01-14T09:55:00Z,26.6,26.6,100,CLR,California
TRK,2018-01-14T10:15:00Z,26.6,26.6,100,VV,California
TRK,2018-01-14T10:35:00Z,26.6,26.6,100,CLR,California
TRK,2018-01-14T10:55:00Z,24.8,23,92.74,SCT,California
TRK,2018-01-14T11:15:00Z,26.6,26.6,100,CLR,California
TRK,2018-01-14T11:35:00Z,26.6,24.8,92.8,CLR,California
TRK,2018-01-14T11:55:00Z,23,21.2,92.69,SCT,California
TRK,2018-01-14T12:15:00Z,23,23,100,OVC,California
TRK,2018-01-14T12:35:00Z,24.8,23,92.74,SCT,California
TRK,2018-01-14T12:55:00Z,24.8,23,92.74,CLR,California
TRK,2018-01-14T13:15:00Z,23,23,100,VV,California
TRK,2018-01-14T13:35:00Z,21.2,21.2,100,BKN,California
TRK,2018-01-14T14:45:00Z,23,21.2,92.69,FEW,California
TRK,2018-01-14T15:45:00Z,21.2,21.2,100,FEW,California
TRK,2018-01-14T16:55:00Z,28.4,26.6,92.86,SCT,California
TRK,2018-01-14T17:45:00Z,30.2,30.2,100,BKN,California
TRK,2018-01-14T18:45:00Z,35.6,32,86.59,BKN,California
TRK,2018-01-14T19:45:00Z,41,30.2,65.16,OVC,California
TRK,2018-01-14T22:45:00Z,50,32,49.81,BKN,California
TRK,2018-01-14T23:45:00Z,50,33.8,53.54,SCT,California
TRK,2018-01-15T00:55:00Z,44.6,35.6,70.48,SCT,California
TRK,2018-01-15T01:15:00Z,41,33.8,75.33,CLR,California
TRK,2018-01-15T01:35:00Z,41,33.8,75.33,SCT,California
TRK,2018-01-15T01:55:00Z,37.4,32,80.65,SCT,California
TRK,2018-01-15T02:15:00Z,37.4,32,80.65,SCT,California
TRK,2018-01-15T02:35:00Z,37.4,32,80.65,SCT,California
TRK,2018-01-15T02:55:00Z,33.8,32,93.03,CLR,California
TRK,2018-01-15T03:15:00Z,35.6,32,86.59,CLR,California
TRK,2018-01-15T03:35:00Z,33.8,32,93.03,CLR,California
TRK,2018-01-15T03:55:00Z,33.8,32,93.03,CLR,California
TRK,2018-01-15T04:15:00Z,33.8,32,93.03,SCT,California
TRK,2018-01-15T04:35:00Z,33.8,32,93.03,SCT,California
TRK,2018-01-15T04:55:00Z,35.6,32,86.59,CLR,California
TRK,2018-01-15T05:15:00Z,32,30.2,92.97,CLR,California
TRK,2018-01-15T05:35:00Z,32,30.2,92.97,CLR,California
TRK,2018-01-15T05:55:00Z,33.8,32,93.03,SCT,California
TRK,2018-01-15T06:15:00Z,32,30.2,92.97,CLR,California
TRK,2018-01-15T06:35:00Z,32,30.2,92.97,CLR,California
TRK,2018-01-15T06:55:00Z,32,30.2,92.97,CLR,California
TRK,2018-01-15T07:15:00Z,32,32,100,CLR,California
TRK,2018-01-15T07:35:00Z,33.8,32,93.03,SCT,California
TRK,2018-01-15T07:55:00Z,32,30.2,92.97,SCT,California
TRK,2018-01-15T08:15:00Z,32,30.2,92.97,SCT,California
TRK,2018-01-15T08:35:00Z,32,30.2,92.97,SCT,California
TRK,2018-01-15T08:55:00Z,32,30.2,92.97,CLR,California
TRK,2018-01-15T09:15:00Z,32,30.2,92.97,CLR,California
TRK,2018-01-15T09:35:00Z,32,30.2,92.97,CLR,California
TRK,2018-01-15T09:55:00Z,30.2,30.2,100,BKN,California
TRK,2018-01-15T10:15:00Z,32,30.2,92.97,SCT,California
TRK,2018-01-15T10:35:00Z,30.2,28.4,92.92,CLR,California
TRK,2018-01-15T10:55:00Z,30.2,28.4,92.92,CLR,California
TRK,2018-01-15T11:15:00Z,30.2,30.2,100,CLR,California
TRK,2018-01-15T11:35:00Z,30.2,28.4,92.92,CLR,California
TRK,2018-01-15T11:55:00Z,28.4,26.6,92.86,CLR,California
TRK,2018-01-15T12:15:00Z,26.6,26.6,100,CLR,California
TRK,2018-01-15T12:35:00Z,28.4,28.4,100,CLR,California
TRK,2018-01-15T12:55:00Z,26.6,26.6,100,CLR,California
TRK,2018-01-15T13:15:00Z,26.6,26.6,100,CLR,California
TRK,2018-01-15T13:35:00Z,26.6,24.8,92.8,CLR,California
TRK,2018-01-15T14:45:00Z,24.8,24.8,100,CLR,California
TRK,2018-01-15T15:55:00Z,24.8,24.8,100,CLR,California
TRK,2018-01-15T16:55:00Z,28.4,28.4,100,OVC,California
TRK,2018-01-15T17:55:00Z,32,30.2,92.97,OVC,California
TRK,2018-01-15T18:45:00Z,33.8,30.2,86.49,OVC,California
TRK,2018-01-15T19:45:00Z,37.4,32,80.65,SCT,California
TRK,2018-01-15T22:55:00Z,53.6,19.4,25.85,NA,California
TRK,2018-01-15T23:50:00Z,51.8,24.8,34.69,NA,California
TRK,2018-01-16T01:15:00Z,44.6,23,42.14,CLR,California
TRK,2018-01-16T01:35:00Z,39.2,26.6,60.29,CLR,California
TRK,2018-01-16T01:55:00Z,37.4,26.6,64.7,SCT,California
TRK,2018-01-16T02:15:00Z,41,28.4,60.54,SCT,California
TRK,2018-01-16T02:35:00Z,35.6,26.6,69.46,CLR,California
TRK,2018-01-16T02:55:00Z,33.8,26.6,74.63,CLR,California
TRK,2018-01-16T03:15:00Z,35.6,28.4,74.8,CLR,California
TRK,2018-01-16T03:35:00Z,32,26.6,80.22,CLR,California
TRK,2018-01-16T03:55:00Z,32,26.6,80.22,CLR,California
TRK,2018-01-16T04:15:00Z,33.8,26.6,74.63,CLR,California
TRK,2018-01-16T04:35:00Z,32,26.6,80.22,CLR,California
TRK,2018-01-16T04:55:00Z,30.2,26.6,86.28,CLR,California
TRK,2018-01-16T05:15:00Z,32,26.6,80.22,CLR,California
TRK,2018-01-16T05:35:00Z,30.2,26.6,86.28,CLR,California
TRK,2018-01-16T05:55:00Z,33.8,26.6,74.63,CLR,California
TRK,2018-01-16T06:15:00Z,35.6,24.8,64.46,CLR,California
TRK,2018-01-16T06:35:00Z,35.6,23,59.79,SCT,California
TRK,2018-01-16T06:55:00Z,41,23,48.39,BKN,California
TRK,2018-01-16T07:15:00Z,37.4,24.8,60.04,BKN,California
TRK,2018-01-16T07:35:00Z,37.4,23,55.68,SCT,California
TRK,2018-01-16T07:55:00Z,33.8,24.8,69.25,CLR,California
TRK,2018-01-16T08:15:00Z,35.6,23,59.79,CLR,California
TRK,2018-01-16T08:35:00Z,35.6,23,59.79,CLR,California
TRK,2018-01-16T08:55:00Z,35.6,23,59.79,CLR,California
TRK,2018-01-16T09:15:00Z,32,24.8,74.44,CLR,California
TRK,2018-01-16T09:35:00Z,41,23,48.39,CLR,California
TRK,2018-01-16T09:55:00Z,42.8,23,45.14,CLR,California
TRK,2018-01-16T10:15:00Z,44.6,23,42.14,SCT,California
TRK,2018-01-16T10:35:00Z,42.8,23,45.14,SCT,California
TRK,2018-01-16T10:55:00Z,39.2,24.8,55.95,BKN,California
TRK,2018-01-16T11:15:00Z,39.2,24.8,55.95,SCT,California
TRK,2018-01-16T11:35:00Z,37.4,24.8,60.04,BKN,California
TRK,2018-01-16T11:55:00Z,37.4,26.6,64.7,BKN,California
TRK,2018-01-16T12:15:00Z,41,28.4,60.54,SCT,California
TRK,2018-01-16T12:35:00Z,35.6,32,86.59,SCT,California
TRK,2018-01-16T12:55:00Z,35.6,32,86.59,SCT,California
TRK,2018-01-16T13:15:00Z,37.4,32,80.65,BKN,California
TRK,2018-01-16T13:35:00Z,35.6,32,86.59,OVC,California
TRK,2018-01-16T14:45:00Z,35.6,33.8,93.08,BKN,California
TRK,2018-01-16T15:45:00Z,33.8,33.8,100,BKN,California
TRK,2018-01-16T16:50:00Z,35.6,33.8,93.08,OVC,California
TRK,2018-01-16T17:45:00Z,39.2,35.6,86.79,OVC,California
TRK,2018-01-16T18:55:00Z,44.6,35.6,70.48,SCT,California
TRK,2018-01-16T19:45:00Z,48.2,35.6,61.52,SCT,California
TRK,2018-01-16T20:55:00Z,48.2,35.6,61.52,OVC,California
TRK,2018-01-16T22:55:00Z,48.2,35.6,61.52,SCT,California
TRK,2018-01-16T23:55:00Z,48.2,35.6,61.52,BKN,California
TRK,2018-01-17T00:45:00Z,44.6,35.6,70.48,BKN,California
TRK,2018-01-17T01:15:00Z,42.8,33.8,70.28,SCT,California
TRK,2018-01-17T01:35:00Z,39.2,33.8,80.79,CLR,California
TRK,2018-01-17T01:50:00Z,37.4,33.8,86.69,CLR,California
TRK,2018-01-17T02:15:00Z,35.6,33.8,93.08,CLR,California
TRK,2018-01-17T02:35:00Z,37.4,33.8,86.69,CLR,California
TRK,2018-01-17T02:55:00Z,35.6,32,86.59,CLR,California
TRK,2018-01-17T03:15:00Z,37.4,33.8,86.69,CLR,California
TRK,2018-01-17T03:35:00Z,32,32,100,CLR,California
TRK,2018-01-17T03:55:00Z,32,32,100,CLR,California
TRK,2018-01-17T04:15:00Z,32,32,100,CLR,California
TRK,2018-01-17T04:35:00Z,32,32,100,CLR,California
TRK,2018-01-17T04:55:00Z,32,32,100,CLR,California
TRK,2018-01-17T05:15:00Z,32,32,100,CLR,California
TRK,2018-01-17T05:35:00Z,30.2,30.2,100,CLR,California
TRK,2018-01-17T05:55:00Z,32,30.2,92.97,CLR,California
TRK,2018-01-17T06:15:00Z,30.2,28.4,92.92,CLR,California
TRK,2018-01-17T06:35:00Z,28.4,28.4,100,CLR,California
TRK,2018-01-17T06:55:00Z,30.2,30.2,100,CLR,California
TRK,2018-01-17T07:15:00Z,28.4,28.4,100,SCT,California
TRK,2018-01-17T07:35:00Z,28.4,28.4,100,SCT,California
TRK,2018-01-17T07:55:00Z,28.4,28.4,100,OVC,California
TRK,2018-01-17T08:15:00Z,26.6,26.6,100,OVC,California
TRK,2018-01-17T08:35:00Z,28.4,28.4,100,OVC,California
TRK,2018-01-17T08:55:00Z,28.4,28.4,100,OVC,California
TRK,2018-01-17T09:15:00Z,28.4,26.6,92.86,OVC,California
TRK,2018-01-17T09:35:00Z,28.4,26.6,92.86,OVC,California
TRK,2018-01-17T09:55:00Z,26.6,26.6,100,OVC,California
TRK,2018-01-17T10:15:00Z,26.6,26.6,100,OVC,California
TRK,2018-01-17T10:35:00Z,28.4,26.6,92.86,OVC,California
TRK,2018-01-17T10:55:00Z,26.6,26.6,100,OVC,California
TRK,2018-01-17T11:15:00Z,26.6,26.6,100,OVC,California
TRK,2018-01-17T11:35:00Z,26.6,26.6,100,OVC,California
TRK,2018-01-17T11:55:00Z,26.6,26.6,100,SCT,California
TRK,2018-01-17T12:15:00Z,26.6,24.8,92.8,OVC,California
TRK,2018-01-17T12:35:00Z,26.6,24.8,92.8,OVC,California
TRK,2018-01-17T12:55:00Z,26.6,26.6,100,OVC,California
TRK,2018-01-17T13:15:00Z,26.6,26.6,100,OVC,California
TRK,2018-01-17T13:35:00Z,26.6,26.6,100,OVC,California
TRK,2018-01-17T14:45:00Z,24.8,24.8,100,FEW,California
TRK,2018-01-17T15:45:00Z,26.6,26.6,100,OVC,California
TRK,2018-01-17T16:45:00Z,28.4,28.4,100,OVC,California
TRK,2018-01-17T17:50:00Z,33.8,32,93.03,BKN,California
TRK,2018-01-17T19:50:00Z,46.4,39.2,75.84,BKN,California
TRK,2018-01-17T20:50:00Z,55.4,35.6,47.16,FEW,California
TRK,2018-01-17T21:45:00Z,57.2,37.4,47.44,BKN,California
TRK,2018-01-17T22:50:00Z,57.2,37.4,47.44,BKN,California
TRK,2018-01-18T00:50:00Z,50,35.6,57.52,FEW,California
TRK,2018-01-18T01:15:00Z,48.2,33.8,57.26,CLR,California
TRK,2018-01-18T01:35:00Z,46.4,35.6,65.83,CLR,California
TRK,2018-01-18T01:55:00Z,44.6,35.6,70.48,CLR,California
TRK,2018-01-18T02:15:00Z,44.6,35.6,70.48,CLR,California
TRK,2018-01-18T02:35:00Z,44.6,35.6,70.48,CLR,California
TRK,2018-01-18T02:55:00Z,44.6,37.4,75.68,CLR,California
TRK,2018-01-18T03:15:00Z,42.8,35.6,75.5,CLR,California
TRK,2018-01-18T03:35:00Z,37.4,33.8,86.69,CLR,California
TRK,2018-01-18T03:55:00Z,41,33.8,75.33,CLR,California
TRK,2018-01-18T04:15:00Z,46.4,35.6,65.83,CLR,California
TRK,2018-01-18T04:35:00Z,46.4,35.6,65.83,CLR,California
TRK,2018-01-18T04:55:00Z,44.6,33.8,65.61,CLR,California
TRK,2018-01-18T05:15:00Z,46.4,33.8,61.28,CLR,California
TRK,2018-01-18T05:35:00Z,46.4,33.8,61.28,CLR,California
TRK,2018-01-18T05:55:00Z,46.4,33.8,61.28,CLR,California
TRK,2018-01-18T06:15:00Z,48.2,33.8,57.26,CLR,California
TRK,2018-01-18T06:35:00Z,48.2,33.8,57.26,CLR,California
TRK,2018-01-18T06:55:00Z,48.2,33.8,57.26,CLR,California
TRK,2018-01-18T07:15:00Z,48.2,33.8,57.26,CLR,California
TRK,2018-01-18T07:35:00Z,48.2,33.8,57.26,CLR,California
TRK,2018-01-18T07:55:00Z,46.4,33.8,61.28,CLR,California
TRK,2018-01-18T08:15:00Z,48.2,33.8,57.26,CLR,California
TRK,2018-01-18T08:35:00Z,46.4,33.8,61.28,CLR,California
TRK,2018-01-18T08:55:00Z,46.4,33.8,61.28,CLR,California
TRK,2018-01-18T09:15:00Z,48.2,33.8,57.26,BKN,California
TRK,2018-01-18T09:35:00Z,46.4,33.8,61.28,SCT,California
TRK,2018-01-18T09:55:00Z,44.6,32,61.03,SCT,California
TRK,2018-01-18T10:15:00Z,46.4,33.8,61.28,SCT,California
TRK,2018-01-18T10:35:00Z,46.4,33.8,61.28,SCT,California
TRK,2018-01-18T10:55:00Z,46.4,33.8,61.28,SCT,California
TRK,2018-01-18T11:15:00Z,46.4,33.8,61.28,SCT,California
TRK,2018-01-18T11:35:00Z,44.6,33.8,65.61,BKN,California
TRK,2018-01-18T11:55:00Z,44.6,33.8,65.61,OVC,California
TRK,2018-01-18T12:15:00Z,44.6,33.8,65.61,OVC,California
TRK,2018-01-18T12:35:00Z,46.4,33.8,61.28,OVC,California
TRK,2018-01-18T12:55:00Z,44.6,33.8,65.61,OVC,California
TRK,2018-01-18T13:15:00Z,44.6,33.8,65.61,OVC,California
TRK,2018-01-18T13:35:00Z,44.6,33.8,65.61,OVC,California
TRK,2018-01-18T14:45:00Z,46.4,35.6,NA,NA,California
TRK,2018-01-18T16:00:00Z,46.4,35.6,65.83,NA,California
TRK,2018-01-18T16:45:00Z,46.4,33.8,61.28,NA,California
TRK,2018-01-18T17:45:00Z,51.8,33.8,50.08,NA,California
TRK,2018-01-18T18:45:00Z,51.8,33.8,50.08,NA,California
TRK,2018-01-18T19:45:00Z,51.8,33.8,50.08,NA,California
TRK,2018-01-18T20:55:00Z,51.8,32,46.59,BKN,California
TRK,2018-01-18T21:45:00Z,50,33.8,53.54,BKN,California
TRK,2018-01-18T22:50:00Z,48.2,33.8,57.26,BKN,California
TRK,2018-01-18T23:50:00Z,44.6,33.8,65.61,NA,California
TRK,2018-01-19T00:55:00Z,42.8,33.8,70.28,SCT,California
TRK,2018-01-19T01:15:00Z,41,32,70.08,BKN,California
TRK,2018-01-19T01:35:00Z,42.8,32,65.38,SCT,California
TRK,2018-01-19T01:55:00Z,39.2,32,75.16,BKN,California
TRK,2018-01-19T02:15:00Z,39.2,33.8,80.79,BKN,California
TRK,2018-01-19T02:35:00Z,39.2,33.8,80.79,SCT,California
TRK,2018-01-19T02:55:00Z,41,32,70.08,SCT,California
TRK,2018-01-19T03:10:00Z,39.2,32,75.16,SCT,California
TRK,2018-01-19T03:35:00Z,37.4,33.8,86.69,BKN,California
TRK,2018-01-19T03:55:00Z,35.6,33.8,93.08,OVC,California
TRK,2018-01-19T04:15:00Z,35.6,33.8,93.08,BKN,California
TRK,2018-01-19T04:35:00Z,35.6,33.8,93.08,OVC,California
TRK,2018-01-19T04:55:00Z,35.6,33.8,93.08,SCT,California
TRK,2018-01-19T05:15:00Z,33.8,33.8,100,BKN,California
TRK,2018-01-19T05:35:00Z,33.8,32,93.03,OVC,California
TRK,2018-01-19T05:55:00Z,32,32,100,BKN,California
TRK,2018-01-19T06:15:00Z,32,32,100,SCT,California
TRK,2018-01-19T06:35:00Z,32,32,100,BKN,California
TRK,2018-01-19T06:55:00Z,32,32,100,SCT,California
TRK,2018-01-19T07:15:00Z,32,32,100,BKN,California
TRK,2018-01-19T07:35:00Z,32,32,100,OVC,California
TRK,2018-01-19T07:55:00Z,32,32,100,BKN,California
TRK,2018-01-19T08:15:00Z,32,32,100,BKN,California
TRK,2018-01-19T08:35:00Z,32,32,100,OVC,California
TRK,2018-01-19T08:55:00Z,32,32,100,BKN,California
TRK,2018-01-19T09:15:00Z,32,32,100,OVC,California
TRK,2018-01-19T09:35:00Z,32,30.2,92.97,OVC,California
TRK,2018-01-19T09:55:00Z,32,30.2,92.97,OVC,California
TRK,2018-01-19T10:15:00Z,32,30.2,92.97,OVC,California
TRK,2018-01-19T10:35:00Z,32,30.2,92.97,SCT,California
TRK,2018-01-19T10:55:00Z,32,30.2,92.97,SCT,California
TRK,2018-01-19T11:15:00Z,30.2,30.2,100,OVC,California
TRK,2018-01-19T11:35:00Z,30.2,28.4,92.92,OVC,California
TRK,2018-01-19T11:55:00Z,30.2,28.4,92.92,SCT,California
TRK,2018-01-19T12:15:00Z,30.2,24.8,80.07,SCT,California
TRK,2018-01-19T12:35:00Z,30.2,23,74.26,SCT,California
TRK,2018-01-19T12:55:00Z,28.4,26.6,92.86,OVC,California
TRK,2018-01-19T13:15:00Z,28.4,26.6,92.86,BKN,California
TRK,2018-01-19T13:35:00Z,28.4,26.6,92.86,SCT,California
TRK,2018-01-19T14:45:00Z,26.6,24.8,92.8,NA,California
TRK,2018-01-19T15:50:00Z,26.6,24.8,92.8,BKN,California
TRK,2018-01-19T16:45:00Z,24.8,19.4,79.62,FEW,California
TRK,2018-01-19T17:45:00Z,28.4,21.2,74.08,CLR,California
TRK,2018-01-19T18:45:00Z,30.2,21.2,68.83,CLR,California
TRK,2018-01-19T20:45:00Z,30.2,19.4,63.75,CLR,California
TRK,2018-01-19T21:45:00Z,33.8,19.4,55.14,FEW,California
TRK,2018-01-19T22:45:00Z,33.8,21.2,59.53,FEW,California
TRK,2018-01-19T23:50:00Z,32,21.2,63.99,FEW,California
TRK,2018-01-20T00:50:00Z,28.4,21.2,74.08,FEW,California
TRK,2018-01-20T01:15:00Z,28.4,23,79.92,SCT,California
TRK,2018-01-20T01:35:00Z,28.4,23,79.92,BKN,California
TRK,2018-01-20T01:55:00Z,26.6,23,86.07,SCT,California
TRK,2018-01-20T02:15:00Z,23,21.2,92.69,SCT,California
TRK,2018-01-20T02:35:00Z,26.6,23,86.07,SCT,California
TRK,2018-01-20T02:55:00Z,24.8,21.2,85.96,BKN,California
TRK,2018-01-20T03:15:00Z,23,21.2,92.69,SCT,California
TRK,2018-01-20T03:35:00Z,23,21.2,92.69,BKN,California
TRK,2018-01-20T03:55:00Z,26.6,23,86.07,BKN,California
TRK,2018-01-20T04:15:00Z,23,21.2,92.69,BKN,California
TRK,2018-01-20T04:35:00Z,24.8,23,92.74,BKN,California
TRK,2018-01-20T04:55:00Z,23,23,100,OVC,California
TRK,2018-01-20T05:15:00Z,23,21.2,92.69,SCT,California
TRK,2018-01-20T05:35:00Z,23,23,100,BKN,California
TRK,2018-01-20T05:55:00Z,23,23,100,SCT,California
TRK,2018-01-20T06:15:00Z,21.2,19.4,92.63,SCT,California
TRK,2018-01-20T06:35:00Z,24.8,23,92.74,OVC,California
TRK,2018-01-20T06:55:00Z,23,23,100,OVC,California
TRK,2018-01-20T07:15:00Z,24.8,23,92.74,OVC,California
TRK,2018-01-20T07:35:00Z,24.8,23,92.74,SCT,California
TRK,2018-01-20T07:55:00Z,24.8,23,92.74,BKN,California
TRK,2018-01-20T08:15:00Z,24.8,23,92.74,BKN,California
TRK,2018-01-20T08:35:00Z,26.6,23,86.07,SCT,California
TRK,2018-01-20T08:55:00Z,24.8,23,92.74,OVC,California
TRK,2018-01-20T09:15:00Z,24.8,23,92.74,SCT,California
TRK,2018-01-20T09:35:00Z,23,19.4,85.85,CLR,California
TRK,2018-01-20T09:55:00Z,23,21.2,92.69,SCT,California
TRK,2018-01-20T10:15:00Z,21.2,21.2,100,SCT,California
TRK,2018-01-20T10:35:00Z,19.4,17.6,92.57,SCT,California
TRK,2018-01-20T10:55:00Z,19.4,17.6,92.57,VV,California
TRK,2018-01-20T11:15:00Z,17.6,15.8,92.5,BKN,California
TRK,2018-01-20T11:35:00Z,21.2,19.4,92.63,SCT,California
TRK,2018-01-20T11:55:00Z,17.6,15.8,92.5,VV,California
TRK,2018-01-20T12:15:00Z,17.6,17.6,100,SCT,California
TRK,2018-01-20T12:35:00Z,17.6,15.8,92.5,BKN,California
TRK,2018-01-20T12:55:00Z,17.6,15.8,92.5,OVC,California
TRK,2018-01-20T13:15:00Z,17.6,15.8,92.5,OVC,California
TRK,2018-01-20T13:35:00Z,19.4,17.6,92.57,BKN,California
TRK,2018-01-20T14:45:00Z,17.6,17.6,100,OVC,California
TRK,2018-01-20T15:45:00Z,17.6,17.6,100,OVC,California
TRK,2018-01-20T16:45:00Z,19.4,17.6,92.57,OVC,California
TRK,2018-01-20T17:45:00Z,21.2,19.4,92.63,SCT,California
TRK,2018-01-20T18:45:00Z,23,21.2,92.69,FEW,California
TRK,2018-01-20T20:00:00Z,26.6,19.4,73.89,FEW,California
TRK,2018-01-20T20:50:00Z,28.4,19.4,68.61,SCT,California
TRK,2018-01-20T21:55:00Z,32,19.4,59.27,SCT,California
TRK,2018-01-20T22:55:00Z,32,15.8,50.75,SCT,California
TRK,2018-01-20T23:55:00Z,30.2,15.8,54.59,FEW,California
TRK,2018-01-21T00:50:00Z,28.4,19.4,68.61,FEW,California
TRK,2018-01-21T01:15:00Z,28.4,19.4,68.61,CLR,California
TRK,2018-01-21T01:35:00Z,23,19.4,85.85,CLR,California
TRK,2018-01-21T01:55:00Z,26.6,19.4,73.89,CLR,California
TRK,2018-01-21T02:15:00Z,23,19.4,85.85,CLR,California
TRK,2018-01-21T02:35:00Z,21.2,17.6,85.74,CLR,California
TRK,2018-01-21T02:55:00Z,21.2,19.4,92.63,CLR,California
TRK,2018-01-21T03:15:00Z,21.2,19.4,92.63,CLR,California
TRK,2018-01-21T03:35:00Z,21.2,19.4,92.63,CLR,California
TRK,2018-01-21T03:55:00Z,19.4,19.4,100,CLR,California
TRK,2018-01-21T04:15:00Z,19.4,17.6,92.57,CLR,California
TRK,2018-01-21T04:35:00Z,19.4,17.6,92.57,CLR,California
TRK,2018-01-21T04:55:00Z,19.4,17.6,92.57,CLR,California
TRK,2018-01-21T05:15:00Z,17.6,14,85.51,CLR,California
TRK,2018-01-21T05:35:00Z,17.6,15.8,92.5,CLR,California
TRK,2018-01-21T05:55:00Z,17.6,15.8,92.5,CLR,California
TRK,2018-01-21T06:15:00Z,15.8,14,92.44,CLR,California
TRK,2018-01-21T06:35:00Z,15.8,14,92.44,CLR,California
TRK,2018-01-21T06:55:00Z,17.6,14,85.51,CLR,California
TRK,2018-01-21T07:15:00Z,14,12.2,92.38,CLR,California
TRK,2018-01-21T07:35:00Z,14,12.2,92.38,CLR,California
TRK,2018-01-21T07:55:00Z,14,12.2,92.38,CLR,California
TRK,2018-01-21T08:15:00Z,14,12.2,92.38,CLR,California
TRK,2018-01-21T08:35:00Z,14,12.2,92.38,CLR,California
TRK,2018-01-21T08:55:00Z,12.2,10.4,92.32,CLR,California
TRK,2018-01-21T09:15:00Z,12.2,10.4,92.32,CLR,California
TRK,2018-01-21T09:35:00Z,10.4,8.6,92.25,CLR,California
TRK,2018-01-21T09:55:00Z,10.4,8.6,92.25,CLR,California
TRK,2018-01-21T10:15:00Z,12.2,10.4,92.32,CLR,California
TRK,2018-01-21T10:35:00Z,12.2,8.6,85.17,CLR,California
TRK,2018-01-21T10:55:00Z,10.4,6.8,85.05,CLR,California
TRK,2018-01-21T11:15:00Z,12.2,8.6,85.17,CLR,California
TRK,2018-01-21T11:35:00Z,12.2,8.6,85.17,CLR,California
TRK,2018-01-21T11:55:00Z,10.4,8.6,92.25,CLR,California
TRK,2018-01-21T12:15:00Z,12.2,8.6,85.17,CLR,California
TRK,2018-01-21T12:35:00Z,10.4,8.6,92.25,CLR,California
TRK,2018-01-21T12:55:00Z,10.4,6.8,85.05,SCT,California
TRK,2018-01-21T13:15:00Z,10.4,8.6,92.25,SCT,California
TRK,2018-01-21T13:35:00Z,10.4,8.6,92.25,SCT,California
TRK,2018-01-21T14:45:00Z,12.2,8.6,85.17,SCT,California
TRK,2018-01-21T16:45:00Z,15.8,8.6,72.73,BKN,California
TRK,2018-01-21T17:45:00Z,19.4,-0.4,41.17,BKN,California
TRK,2018-01-21T18:45:00Z,26.6,19.4,73.89,BKN,California
TRK,2018-01-21T19:45:00Z,32,24.8,74.44,SCT,California
TRK,2018-01-21T20:45:00Z,35.6,19.4,51.33,BKN,California
TRK,2018-01-21T21:45:00Z,35.6,15.8,43.95,BKN,California
TRK,2018-01-22T01:15:00Z,32,19.4,59.27,OVC,California
TRK,2018-01-22T01:35:00Z,32,19.4,59.27,OVC,California
TRK,2018-01-22T01:55:00Z,32,17.6,54.87,SCT,California
TRK,2018-01-22T02:15:00Z,32,19.4,59.27,SCT,California
TRK,2018-01-22T02:35:00Z,32,19.4,59.27,OVC,California
TRK,2018-01-22T02:55:00Z,32,17.6,54.87,SCT,California
TRK,2018-01-22T03:15:00Z,32,15.8,50.75,BKN,California
TRK,2018-01-22T03:35:00Z,32,17.6,54.87,SCT,California
TRK,2018-01-22T03:55:00Z,32,17.6,54.87,SCT,California
TRK,2018-01-22T04:15:00Z,30.2,17.6,59.01,SCT,California
TRK,2018-01-22T04:35:00Z,30.2,17.6,59.01,CLR,California
TRK,2018-01-22T04:55:00Z,30.2,19.4,63.75,SCT,California
TRK,2018-01-22T05:15:00Z,30.2,19.4,63.75,CLR,California
TRK,2018-01-22T05:35:00Z,30.2,19.4,63.75,SCT,California
TRK,2018-01-22T05:55:00Z,30.2,19.4,63.75,SCT,California
TRK,2018-01-22T06:15:00Z,32,19.4,59.27,SCT,California
TRK,2018-01-22T06:35:00Z,32,19.4,59.27,BKN,California
TRK,2018-01-22T06:55:00Z,32,19.4,59.27,OVC,California
TRK,2018-01-22T07:15:00Z,32,19.4,59.27,OVC,California
TRK,2018-01-22T07:35:00Z,32,19.4,59.27,OVC,California
TRK,2018-01-22T07:55:00Z,32,19.4,59.27,OVC,California
TRK,2018-01-22T08:15:00Z,32,21.2,63.99,OVC,California
TRK,2018-01-22T08:35:00Z,30.2,21.2,68.83,OVC,California
TRK,2018-01-22T08:55:00Z,32,23,69.04,OVC,California
TRK,2018-01-22T09:15:00Z,30.2,23,74.26,OVC,California
TRK,2018-01-22T09:35:00Z,32,23,69.04,OVC,California
TRK,2018-01-22T09:55:00Z,30.2,23,74.26,BKN,California
TRK,2018-01-22T10:15:00Z,30.2,23,74.26,SCT,California
TRK,2018-01-22T10:35:00Z,30.2,21.2,68.83,SCT,California
TRK,2018-01-22T10:55:00Z,30.2,21.2,68.83,SCT,California
TRK,2018-01-22T11:15:00Z,30.2,21.2,68.83,SCT,California
TRK,2018-01-22T11:35:00Z,30.2,21.2,68.83,BKN,California
TRK,2018-01-22T11:55:00Z,28.4,23,79.92,OVC,California
TRK,2018-01-22T12:15:00Z,30.2,23,74.26,BKN,California
TRK,2018-01-22T12:35:00Z,30.2,23,74.26,BKN,California
TRK,2018-01-22T12:55:00Z,30.2,23,74.26,BKN,California
TRK,2018-01-22T13:15:00Z,30.2,24.8,80.07,SCT,California
TRK,2018-01-22T13:35:00Z,30.2,26.6,86.28,SCT,California
TRK,2018-01-22T14:45:00Z,26.6,26.6,100,BKN,California
TRK,2018-01-22T15:55:00Z,26.6,26.6,100,SCT,California
TRK,2018-01-22T17:45:00Z,32,30.2,92.97,BKN,California
TRK,2018-01-22T18:45:00Z,35.6,32,86.59,BKN,California
TRK,2018-01-22T19:45:00Z,39.2,32,75.16,BKN,California
TRK,2018-01-22T20:45:00Z,41,30.2,65.16,NA,California
TRK,2018-01-22T21:45:00Z,41,28.4,60.54,SCT,California
TRK,2018-01-22T22:45:00Z,39.2,30.2,69.88,BKN,California
TRK,2018-01-22T23:46:00Z,39.2,30.2,69.88,BKN,California
TRK,2018-01-23T00:45:00Z,37.4,30.2,74.98,FEW,California
TRK,2018-01-23T01:15:00Z,33.8,32,93.03,SCT,California
TRK,2018-01-23T01:35:00Z,33.8,32,93.03,CLR,California
TRK,2018-01-23T01:55:00Z,32,30.2,92.97,CLR,California
TRK,2018-01-23T02:15:00Z,30.2,28.4,92.92,CLR,California
TRK,2018-01-23T02:35:00Z,30.2,28.4,92.92,CLR,California
TRK,2018-01-23T02:55:00Z,30.2,28.4,92.92,CLR,California
TRK,2018-01-23T03:15:00Z,28.4,26.6,92.86,CLR,California
TRK,2018-01-23T03:35:00Z,26.6,26.6,100,BKN,California
TRK,2018-01-23T03:55:00Z,28.4,28.4,100,OVC,California
TRK,2018-01-23T04:15:00Z,28.4,26.6,92.86,SCT,California
TRK,2018-01-23T04:35:00Z,26.6,26.6,100,OVC,California
TRK,2018-01-23T04:55:00Z,26.6,26.6,100,OVC,California
TRK,2018-01-23T05:15:00Z,26.6,26.6,100,OVC,California
TRK,2018-01-23T05:35:00Z,26.6,26.6,100,OVC,California
TRK,2018-01-23T05:55:00Z,26.6,26.6,100,OVC,California
TRK,2018-01-23T06:15:00Z,26.6,26.6,100,OVC,California
TRK,2018-01-23T06:35:00Z,26.6,26.6,100,OVC,California
TRK,2018-01-23T06:55:00Z,26.6,24.8,92.8,OVC,California
TRK,2018-01-23T07:15:00Z,26.6,24.8,92.8,OVC,California
TRK,2018-01-23T07:35:00Z,26.6,24.8,92.8,OVC,California
TRK,2018-01-23T07:55:00Z,24.8,23,92.74,OVC,California
TRK,2018-01-23T08:15:00Z,23,23,100,OVC,California
TRK,2018-01-23T08:35:00Z,24.8,23,92.74,OVC,California
TRK,2018-01-23T08:55:00Z,24.8,23,92.74,OVC,California
TRK,2018-01-23T09:15:00Z,24.8,23,92.74,OVC,California
TRK,2018-01-23T09:35:00Z,26.6,24.8,92.8,OVC,California
TRK,2018-01-23T09:55:00Z,24.8,23,92.74,OVC,California
TRK,2018-01-23T10:15:00Z,24.8,23,92.74,OVC,California
TRK,2018-01-23T10:35:00Z,24.8,23,92.74,OVC,California
TRK,2018-01-23T10:55:00Z,24.8,23,92.74,OVC,California
TRK,2018-01-23T11:15:00Z,24.8,23,92.74,OVC,California
TRK,2018-01-23T11:35:00Z,NA,NA,NA,OVC,California
TRK,2018-01-23T11:55:00Z,NA,NA,NA,OVC,California
TRK,2018-01-23T12:15:00Z,NA,NA,NA,OVC,California
TRK,2018-01-23T12:35:00Z,NA,NA,NA,OVC,California
TRK,2018-01-23T12:55:00Z,NA,NA,NA,OVC,California
TRK,2018-01-23T13:15:00Z,21.2,19.4,92.63,OVC,California
TRK,2018-01-23T13:35:00Z,21.2,19.4,92.63,OVC,California
TRK,2018-01-23T14:45:00Z,19.4,19.4,100,OVC,California
TRK,2018-01-23T15:45:00Z,19.4,17.6,92.57,OVC,California
TRK,2018-01-23T16:55:00Z,21.2,19.4,92.63,OVC,California
TRK,2018-01-23T17:50:00Z,23,21.2,92.69,BKN,California
TRK,2018-01-23T17:55:00Z,24.8,21.2,85.96,SCT,California
TRK,2018-01-23T18:45:00Z,26.6,26.6,100,FEW,California
TRK,2018-01-23T19:45:00Z,30.2,30.2,100,BKN,California
TRK,2018-01-23T20:50:00Z,37.4,33.8,86.69,BKN,California
TRK,2018-01-23T21:55:00Z,48.2,14,24.99,SCT,California
TRK,2018-01-23T22:45:00Z,48.2,12.2,23.09,SCT,California
TRK,2018-01-23T23:55:00Z,46.4,12.2,24.71,BKN,California
TRK,2018-01-24T00:45:00Z,42.8,15.8,33.18,BKN,California
TRK,2018-01-24T01:15:00Z,41,17.6,38.45,CLR,California
TRK,2018-01-24T01:35:00Z,35.6,23,59.79,CLR,California
TRK,2018-01-24T01:55:00Z,33.8,23,64.23,CLR,California
TRK,2018-01-24T02:15:00Z,33.8,21.2,59.53,CLR,California
TRK,2018-01-24T02:35:00Z,33.8,23,64.23,CLR,California
TRK,2018-01-24T02:55:00Z,32,23,69.04,CLR,California
TRK,2018-01-24T03:15:00Z,32,24.8,74.44,CLR,California
TRK,2018-01-24T03:35:00Z,32,23,69.04,CLR,California
TRK,2018-01-24T03:55:00Z,30.2,23,74.26,CLR,California
TRK,2018-01-24T04:15:00Z,32,23,69.04,CLR,California
TRK,2018-01-24T04:35:00Z,30.2,23,74.26,CLR,California
TRK,2018-01-24T04:55:00Z,28.4,21.2,74.08,CLR,California
TRK,2018-01-24T05:15:00Z,30.2,21.2,68.83,CLR,California
TRK,2018-01-24T05:35:00Z,28.4,21.2,74.08,CLR,California
TRK,2018-01-24T05:55:00Z,33.8,15.8,47.22,CLR,California
TRK,2018-01-24T06:15:00Z,32,14,46.92,CLR,California
TRK,2018-01-24T06:35:00Z,35.6,10.4,34.65,CLR,California
TRK,2018-01-24T06:55:00Z,35.6,10.4,34.65,CLR,California
TRK,2018-01-24T07:15:00Z,37.4,8.6,29.77,CLR,California
TRK,2018-01-24T07:35:00Z,37.4,10.4,32.27,CLR,California
TRK,2018-01-24T07:55:00Z,37.4,10.4,32.27,CLR,California
TRK,2018-01-24T08:15:00Z,39.2,8.6,27.74,CLR,California
TRK,2018-01-24T08:35:00Z,39.2,8.6,27.74,CLR,California
TRK,2018-01-24T08:55:00Z,39.2,8.6,27.74,CLR,California
TRK,2018-01-24T09:15:00Z,39.2,6.8,25.58,CLR,California
TRK,2018-01-24T09:35:00Z,39.2,8.6,27.74,CLR,California
TRK,2018-01-24T09:55:00Z,39.2,8.6,27.74,CLR,California
TRK,2018-01-24T10:15:00Z,41,6.8,23.85,CLR,California
TRK,2018-01-24T10:35:00Z,37.4,6.8,27.45,CLR,California
TRK,2018-01-24T10:55:00Z,37.4,6.8,27.45,CLR,California
TRK,2018-01-24T11:15:00Z,37.4,6.8,27.45,CLR,California
TRK,2018-01-24T11:35:00Z,37.4,6.8,27.45,CLR,California
TRK,2018-01-24T11:55:00Z,35.6,6.8,29.47,CLR,California
TRK,2018-01-24T12:15:00Z,35.6,8.6,31.97,CLR,California
TRK,2018-01-24T12:35:00Z,37.4,6.8,27.45,CLR,California
TRK,2018-01-24T12:55:00Z,37.4,8.6,29.77,CLR,California
TRK,2018-01-24T13:15:00Z,37.4,8.6,29.77,CLR,California
TRK,2018-01-24T13:35:00Z,35.6,10.4,34.65,CLR,California
TRK,2018-01-24T14:45:00Z,37.4,10.4,32.27,CLR,California
TRK,2018-01-24T15:45:00Z,39.2,10.4,30.07,CLR,California
TRK,2018-01-24T16:45:00Z,42.8,12.2,28.34,CLR,California
TRK,2018-01-24T17:45:00Z,46.4,12.2,24.71,FEW,California
TRK,2018-01-24T18:45:00Z,46.4,15.8,28.93,FEW,California
TRK,2018-01-24T20:00:00Z,46.4,15.8,28.93,SCT,California
TRK,2018-01-24T20:45:00Z,44.6,15.8,30.98,NA,California
TRK,2018-01-24T21:45:00Z,44.6,15.8,30.98,NA,California
TRK,2018-01-24T22:45:00Z,42.8,14,30.68,NA,California
TRK,2018-01-24T23:45:00Z,41,12.2,30.38,BKN,California
TRK,2018-01-25T01:15:00Z,37.4,15.8,40.93,BKN,California
TRK,2018-01-25T01:35:00Z,37.4,15.8,40.93,BKN,California
TRK,2018-01-25T01:55:00Z,35.6,17.6,47.51,SCT,California
TRK,2018-01-25T02:15:00Z,33.8,23,64.23,SCT,California
TRK,2018-01-25T02:35:00Z,32,28.4,86.39,OVC,California
TRK,2018-01-25T02:55:00Z,32,30.2,92.97,OVC,California
TRK,2018-01-25T03:15:00Z,32,30.2,92.97,OVC,California
TRK,2018-01-25T03:35:00Z,32,30.2,92.97,OVC,California
TRK,2018-01-25T03:55:00Z,32,30.2,92.97,OVC,California
TRK,2018-01-25T04:15:00Z,32,30.2,92.97,OVC,California
TRK,2018-01-25T04:35:00Z,32,30.2,92.97,OVC,California
TRK,2018-01-25T04:55:00Z,32,30.2,92.97,OVC,California
TRK,2018-01-25T05:15:00Z,32,30.2,92.97,OVC,California
TRK,2018-01-25T05:35:00Z,32,30.2,92.97,OVC,California
TRK,2018-01-25T05:55:00Z,32,30.2,92.97,OVC,California
TRK,2018-01-25T06:15:00Z,32,30.2,92.97,OVC,California
TRK,2018-01-25T06:35:00Z,32,30.2,92.97,OVC,California
TRK,2018-01-25T06:55:00Z,32,30.2,92.97,OVC,California
TRK,2018-01-25T07:15:00Z,32,30.2,92.97,OVC,California
TRK,2018-01-25T07:35:00Z,32,30.2,92.97,BKN,California
TRK,2018-01-25T07:55:00Z,32,30.2,92.97,OVC,California
TRK,2018-01-25T08:15:00Z,30.2,30.2,100,OVC,California
TRK,2018-01-25T08:35:00Z,30.2,30.2,100,OVC,California
TRK,2018-01-25T08:55:00Z,30.2,28.4,92.92,SCT,California
TRK,2018-01-25T09:15:00Z,30.2,28.4,92.92,BKN,California
TRK,2018-01-25T09:35:00Z,30.2,28.4,92.92,SCT,California
TRK,2018-01-25T09:55:00Z,30.2,28.4,92.92,OVC,California
TRK,2018-01-25T10:15:00Z,28.4,26.6,92.86,OVC,California
TRK,2018-01-25T10:35:00Z,28.4,26.6,92.86,OVC,California
TRK,2018-01-25T10:55:00Z,28.4,24.8,86.18,BKN,California
TRK,2018-01-25T11:15:00Z,28.4,21.2,74.08,SCT,California
TRK,2018-01-25T11:35:00Z,26.6,19.4,73.89,SCT,California
TRK,2018-01-25T11:55:00Z,26.6,17.6,68.4,SCT,California
TRK,2018-01-25T12:15:00Z,26.6,17.6,68.4,SCT,California
TRK,2018-01-25T12:35:00Z,24.8,17.6,73.7,BKN,California
TRK,2018-01-25T12:55:00Z,24.8,17.6,73.7,SCT,California
TRK,2018-01-25T13:15:00Z,23,17.6,79.47,SCT,California
TRK,2018-01-25T13:35:00Z,21.2,15.8,79.31,SCT,California
TRK,2018-01-25T14:45:00Z,17.6,10.4,72.93,CLR,California
TRK,2018-01-25T17:50:00Z,28.4,17.6,63.51,BKN,California
TRK,2018-01-25T20:45:00Z,30.2,17.6,59.01,NA,California
TRK,2018-01-25T21:55:00Z,30.2,17.6,59.01,BKN,California
TRK,2018-01-25T22:45:00Z,30.2,17.6,59.01,NA,California
TRK,2018-01-25T23:45:00Z,28.4,19.4,68.61,OVC,California
TRK,2018-01-26T00:55:00Z,26.6,23,86.07,OVC,California
TRK,2018-01-26T01:15:00Z,26.6,23,86.07,SCT,California
TRK,2018-01-26T01:35:00Z,26.6,24.8,92.8,BKN,California
TRK,2018-01-26T01:55:00Z,26.6,23,86.07,SCT,California
TRK,2018-01-26T02:15:00Z,24.8,21.2,85.96,SCT,California
TRK,2018-01-26T02:35:00Z,26.6,19.4,73.89,SCT,California
TRK,2018-01-26T02:55:00Z,23,17.6,79.47,SCT,California
TRK,2018-01-26T03:35:00Z,26.6,19.4,73.89,SCT,California
TRK,2018-01-26T03:55:00Z,26.6,19.4,73.89,SCT,California
TRK,2018-01-26T04:15:00Z,26.6,21.2,79.77,SCT,California
TRK,2018-01-26T04:35:00Z,26.6,23,86.07,SCT,California
TRK,2018-01-26T04:55:00Z,26.6,23,86.07,BKN,California
TRK,2018-01-26T05:15:00Z,24.8,23,92.74,BKN,California
TRK,2018-01-26T05:35:00Z,26.6,23,86.07,OVC,California
TRK,2018-01-26T05:55:00Z,24.8,23,92.74,SCT,California
TRK,2018-01-26T06:15:00Z,24.8,23,92.74,SCT,California
TRK,2018-01-26T06:35:00Z,24.8,23,92.74,SCT,California
TRK,2018-01-26T06:55:00Z,24.8,23,92.74,BKN,California
TRK,2018-01-26T07:15:00Z,26.6,23,86.07,OVC,California
TRK,2018-01-26T07:35:00Z,23,23,100,SCT,California
TRK,2018-01-26T07:55:00Z,24.8,23,92.74,SCT,California
TRK,2018-01-26T08:15:00Z,24.8,23,92.74,SCT,California
TRK,2018-01-26T08:35:00Z,21.2,21.2,100,SCT,California
TRK,2018-01-26T08:55:00Z,23,21.2,92.69,SCT,California
TRK,2018-01-26T09:10:00Z,23,21.2,92.69,SCT,California
TRK,2018-01-26T09:35:00Z,21.2,21.2,100,SCT,California
TRK,2018-01-26T09:55:00Z,19.4,19.4,100,SCT,California
TRK,2018-01-26T10:15:00Z,21.2,19.4,92.63,SCT,California
TRK,2018-01-26T10:35:00Z,19.4,17.6,92.57,SCT,California
TRK,2018-01-26T10:55:00Z,21.2,21.2,100,SCT,California
TRK,2018-01-26T11:15:00Z,21.2,19.4,92.63,BKN,California
TRK,2018-01-26T11:35:00Z,21.2,19.4,92.63,BKN,California
TRK,2018-01-26T11:55:00Z,19.4,17.6,92.57,OVC,California
TRK,2018-01-26T12:15:00Z,19.4,17.6,92.57,OVC,California
TRK,2018-01-26T12:35:00Z,19.4,17.6,92.57,OVC,California
TRK,2018-01-26T12:55:00Z,19.4,17.6,92.57,OVC,California
TRK,2018-01-26T13:15:00Z,21.2,19.4,92.63,BKN,California
TRK,2018-01-26T13:35:00Z,19.4,17.6,92.57,BKN,California
TRK,2018-01-26T14:45:00Z,12.2,10.4,92.32,CLR,California
